,Etapa 1 siembra. etapa 2 repicado. ,,,estadio ,,,1 no tocar,2 repicar,3 plantar en 5 8 u 11,,,
,lugar,c칩digo ,genero,especie,descripci칩n ,fecha de siembra,cant. almacigos,cant x almacigos ,etapa,estadio,,
S,M6c1sur,1025-15,lithops,,,dic'21,3,252,2,35,,
C,M6c1sur,,mammillaria ,camptotricha ,,dic'21,3,110,2,35,,
C,M6c1sur,,mammillaria ,toluca,,dic'21,1,80,2,35,,
C,M6c1sur,,Mammillaria ,nivosa,,dic'21,1,70,2,38,,
C,M6c1sur,,mammillaria ,ernestii,,dic'21,2,100,2,2,,
C,M6c1sur,,mammillaria ,spinosissima ,,dic'21,2.5,100,2,35,,
C,M6c1sur,,mammillaria ,bocasana,,dic'21,0.5,100,2,35,,
C,M6c1sur,,mammillaria,guinsa maru,,dic'21,1,80,2,2,,
C,M6c1sur,,mammillaria,parecida a bocasana,,dic'21,1,100,2,38,,
C,M6c1sur,,matucana,polzii,,dic'21,1,100,2,35,,
C,M6c1sur,,hildewinteria,h칤bridos ,,dic'21,1.5,60,2,311,dividir *3,
C,M6c1sur,,mammillaria ,toluca ,,dic'21,1,84,2,1,,
C,M6c1sur,003-83,mammillaria,droegeana,,dic'21,21,84,2,1,,
C,M6c1sur,003-83,Mammillaria ,droegeana ,,dic'21,17,252,2,1,,
C,M6c1sur,013-10,copiapoa o eriosyce ,,,dic'21,7.3,252,2,1,,
C,M6c1sur,013-x6,eriosyce,floccosa,,dic'21,4.7,252,2,1,,
C,M6c1sur,007-x3,notocactus ,haselbergii ,flor amarilla ,dic'21,2,30,1,35,,
C,M6c1sur,022-3,trichocereus ,bridgesii,,dic'21,4.5,252,2,1,,
C,M6c1sur,,mammillaria,camptotricha,,dic'21,3,252,2,1,,
C,M6c1sur,,mammillaria,guinsa maru,,dic'21,2,252,2,1,,
C,M6c1sur,,matucana ,polzii,,dic'21,4,252,2,1,,
C,M6c1sur,004-x4,Gymnocalycium ,baldianum,parece,dic'21,4,1000,1,2,,
C,M6c1sur,035-4,rebutia,,,dic'21,1,300,1,2,,
C,M6c1sur,035-3,rebutia,,,dic'21,1,300,1,2,,
C,M6c1sur,001-9,lobivia,,globosa,dic'21,1,500,1,2,,
C,M6c1sur,003-x11(8),mammillaria,,tipo albilanata,dic'21,2,300,1,2,,
C,M6c1sur,,notocactus ,haselbergii ,,dic'21,2,252,2,1,,
C,M6c1sur,003-x11(10),mammillaria,crinita,,dic'21,1,1000,1,2,,
C,M6c1sur,003-x11(7),Mammillaria ,haniana,,dic'21,2,1000,1,2,,
C,M6c1sur,003-x11(9),Mammillaria ,spinosissima ,parece. backebergeana 游뱂,dic'21,2,1000,1,2,,
C,M6c1sur,003-x11(4),Mammillaria ,bocasana splendens ,,dic'21,2,1000,1,2,,
C,M6c1sur,003-x11(2),Mammillaria ,spinosissima ,parece ,dic'21,2,30,1,38,,
C,M6c1sur,003-11(1),Mammillaria ,spinosissima ,,dic'21,2,1000,1,2,,
C,M6c1sur,003-96,Mammillaria ,spinosissima ,,dic'21,1,1000,1,2,,
C,M6c1sur,003-x11(11),Gymnocalycium ,schiquendantzii ,,dic'21,2,1000,1,2,,
C,M6c1sur,009-2,echinocereus ,pectinatus ,,dic'21,1,150,1,35,,
C,M6c1sur,003-96,Mammillaria ,spinosissima ,,dic'21,14,300,1,38,,
C,M6c1sur,003-96,Mammillaria ,spinosissima ,,dic'21,6,1000,1,2,,
C,M6c1sur,001-29,lobivia ,kuenrichii ,,dic'21,11,1000,1,2,,
C,M6c1sur,003-27,Mammillaria ,spinosissima ,parece,dic'21,2,300,1,35,,
C,M6c1sur,001-3,lobivia,globosa,,nov'21 ,3,300,1,2,,
C,M6c1sur,004-16,Gymnocalycium ,ragonesei ,,nov'21 ,9,1000,1,2,,
C,M6c1sur,001-9,lobivia ,,globosa,dic'21,3,1000,1,2,,
C,M6c1sur,017-1,matucana ,ritteri,parece,dic'21,3,1000,1,2,,
C,M6c1sur,mal 003-96,Mammillaria ,densispina,,dic'21,4,300,1,2,,
C,M6c1sur,003-126,Mammillaria ,,,dic'21,1,1000,1,2,,
C,M6c1sur,004-x1,Gymnocalycium ,andreae ,,dic'21,4,300,1,1,,
C,M6c1sur,004-x4,Gymnocalycium ,,striglianum?,dic'21,1,300,1,2,,
C,M6c1sur,002-32,notocactus ,mammulosus,,dic'21,2,500,1,2,,
C,M6c1sur,002-32,notocactus ,mammulosus ,,dic'21,1,1000,1,2,,
C,M6c1sur,013-00,neoporteria ,esmeraldana,,dic'21,2,300,1,2,,
C,M6c1sur,007-x6,parodia,maassii,,dic'21,3,500,1,2,,
C,M6c1sur,039-2,hamatocanthus ,,,dic'21,4,1000,1,2,,
C,M6c1sur,042-x3,echinofossulo,,mix,dic'21,1,300,1,1,,
C,M6c1sur,013-06,copiapoa o eriosyce ,,,dic'21,10,252,2,1,,
C,M6c1sur,,copiapoa o eriosyce ,,mix,dic'21,36,252,2,1,,
C,M6c1sur,013-26,eriosyce,napina,parece,dic'21,2,252,2,1,,
C,M6c1sur,013-x2,copiapoa o eriosyce ,,,dic'21,2,252,2,1,,
C,M6c2sur,003-3,Mammillaria ,bocasana,,dic'21,18,84,2,1,,
C,M6c2sur,003-64,Mammillaria ,bocasana splendens ,,dic'21,4.5,252,2,1,,
C,M6c2sur,003-64,Mammillaria ,bocasana splendens ,,dic'21,7.5,84,2,1,,
C,M6c2sur,003-3,Mammillaria ,bocasana,,dic'21,190,252,2,1,,
C,M6c2sur,026-1,Ferocactus ,campo,,dic'21,44,70,2,35,,
C,M6c2sur,020-8,Cleistocactus ,baumanii,,dic'21,7,1000,1,38,o tirar no es una especie linda,
C,M6c2sur,004-16,Gymnocalycium ,ragonesei ,,dic'21,9,1000,1,2,,
C,M6c2sur,007-6,Parodia,crysacanthion ,parece,dic'21,1,1000,1,2,,
C,M6c2sur,026-x,Cereus ,uruguayense,,dic'21,1,1000,1,35,,
C,M6c2sur,003-x5,Mammillaria ,guinsa maru,,dic'21,1,200,1,38,,
C,M6c2sur,003-58,Mammillaria ,backebergeana ,,dic'21,1,1000,1,2,,
C,M6c3norte,013-52,copiapoa/eriosyce,,,dic'21,4,252,2,1,,
C,M6c3norte,,Gymnocalycium ,ragonesei ,,dic'21,1,252,2,1,,
C,M6c3norte,001-3,lobivia ,,globosa ,dic'21,1,84,2,1,,
C,M6c3norte,001-3,lobivia,,globosa ,dic'21,0.5,252,2,1,,
C,M6c3norte,042-5,Ferocactus ,glaucescens ,,dic'21,36,252,2,1,,
C,M6c3norte,042-5,Ferocactus ,glaucescens ,,dic'21,1,25284,2,1,,
C,M6c3norte,026-1,Cereus ,aethiops,muri칩 casi todo,dic'21,9,252,2,1,,
C,M6c3norte,error dice 026-1 semillas mezcladas ,Ferocactus ,,campo,dic'21,4,252,2,35,,
C,M6c3norte,error dice 026-1 semillas mezcladas ,Ferocactus ,,campo,dic'21,19,84,2,1,,
C,M6c3norte,042-8,Ferocactus ,latispinus,,dic'21,23,252,2,1,,
C,M6c3norte,001-4,Lobivia ,,,dic'21,4,252,2,1,,
C,M6c3norte,003-51,Mammillaria ,muehlenpfordtii ,,mar'21,49,252,2,35,,
C,M6c3norte,003-58,Mammillaria ,backebergeana ,,mar'21,2,252,2,35,,
C,M6c3norte,003-58,Mammillaria ,backebergeana ,,mar'21,4,50,2,38,,
C,M6c3norte,003-75,Mammillaria ,rhodantha ,,mar'21,22,252,2,38,,
C,M6c3norte,003-55,Mammillaria ,densispina,,mar'21,37,253,2,35,,
C,M6c3norte,,Trichocereus ,vatteri,,,1,84,2,38,,
C,M6c3norte,059-6,Haageocereus ,,,nov'22,8,252,2,38,,
C,M6c3norte,059-6,Haageocereus ,,,nov'22,2,84,2,311,,
C,M6c3norte,,notocactus,buiningii ,,mar'21,2,20,2,1,,
C,M6c3norte,,echinocereus ,pectinatus ,,mar'21,1,40,2,1,,
C,M6c3norte,,notocactus,arnostianus ,,mar'21,1,70,2,1,,
C,M6c3norte,,melocactus ,bahiensis,,feb'21,0.7,252,2,1,,
C,M6c3norte,,Mammillaria ,ernestii,,mar'21,12,252,2,38,etiolada ,
C,M6c3norte,,Mammillaria ,bocasana,f amarilla,mar'21,5,252,2,38,,
C,M6c3norte,004-19,Gymnocalycium ,schiquendantzii,holanda,oct'20,1.3,252,2,35,,
C,M6c3norte,,Mammillaria ,backebergeana ,,mar'21,2,252,2,35,,
C,M6c3norte,,Mammillaria ,backebergeana ,,mar'21,2,84,2,38,,
C,M6c3norte,001-2,Lobivia ,arachnacantha ,,feb'21,2,84,2,38,,
C,M6c3norte,,Lobivia,aurea,,mar'21,4,84,2,38,,
C,M6c3norte,,mix,,,,13,50,2,1,,
C,M6c3norte,,cactus,chile,,,2,84,2,38,,
C,M6c3norte,,Notocactus ,submammulosus,,,1,84,2,1,con pimpollos,
C,M6c3norte,,cactus,chile,,may'22,3,84,2,1,,
C,M6c3norte,001-32,Lobivia,wrightiana ,,dic'21,9,252,2,1,,
C,M6c3norte,,Rebutias ,,,gajo,1,252,2,1,,
C,M6c3norte,,Sulcorebutias ,rauschii,,gajo,2,84,2,1,,
C,M6c3norte,020-7,Cleistocactus ,strausii ,,feb'21,5.5,252,2,1,,
C,M6c3norte,,Notocactus ,scopa,el cartel dice m bombycina 游뱑,oct'20,1.5,252,2,1,,
C,M6c3norte,,notocactus ,scopa ,el cartel dice m bombycina 游뱑,oct'20,1,84,2,1,,
C,M6c3norte,007-3,Parodia ,microsperma ,,feb'21,7.5,252,2,1,,
C,M6c3norte,022-1,trichocereus ,pachanoi ,,dic'21,2.5,252,2,1,,
C,M6c3norte,,Mammillaria ,bocasana,f amarilla,mar'21,3,252,2,1,,
C,M6c3norte,,Monvillea,Spegazzinii ,,mar'21,52,420,2,1,,
C,M6c3norte,,Mammillaria ,bombycina ,,oct'20,1,252,2,1,,
C,M6c3norte,num27,Mammillaria ,bocasana ,f rosada,mar'21,10,252,2,1,,
C,M6c3norte,039-1,Thelocactus ,setispinus,,dic'21,8,252,2,1,,
C,M6c3norte,num18,Mammillaria ,spinosissima ,,mar'21,2,84,2,1,,
C,M6c3norte,020-8,Cleistocactus ,mix,,dic'21,10,10,2,1,pocos vivos,
C,M6c3norte,,Mila,caespitosa,,nov'20,2,84,2,1,,
C,M6c3norte,,Mammillaria ,woodsii,,nov'20,1,84,2,1,,
C,M6c3norte,num12,Mammillaria ,haniana ,,mar'21,7,252,2,1,,
C,M6c3norte,,Notocactus ,claviceps,,mar'21,23,252,2,35,,
C,M6c3norte,004-4,Gymnocalycium ,andreae,,mar'21,3.5,252,2,1,,
C,M6c3norte,,Gymnocalycium ,baldianum,f roja,,1,45,2,1,han sacado los m치s grandes,
C,M6c3norte,,Frailea,schilinzkyana ,,mar'21,3,84,2,1,,
C,M6c3norte,,Echinofossulocactus ,mix,"multicostatus, crispatus y octogono",feb'21,3,252,2,1,,
C,M6c4norte,,Notocactus ,ottonis,,mar'21,4.5,252,2,2,,
C,M6c4norte,,Notocactus ,ottonis,espinas amarillas-holanda,mar'21,1,252,2,1,,
C,M6c4norte,,Notocactus ,claviceps,,mar'21,2.7,252,2,35,,
C,M6c4norte,,Notocactus,muegelianus,,mar'21,3,252,2,35,,
C,M6c4norte,007-x6,Parodia,maassii,,dic'21,1,1000,1,2,,
C,M6c4norte,,Notocactus ,roseoluteus ,,,5,300,0,2,,
C,M6c4norte,,Gymnocalycium ,mihanovichi ,,may'19,1.5,50,2,2,,
C,M6c4norte,,Notocactus ,submammulosus ,,nov'19,3.5,84,2,1,,
C,M6c4norte,,Pyrrocactus,villicumensis,,nov'19,1,84,2,1,,
C,M6c4norte,,Echinopsis,subdenudata ,,may'19,1.5,84,2,35,,
C,M6c4norte,059-1,Haageocereus ,,,nov'20,14,84,2,35,,
C,M6c4norte,059-1,Haageocereus ,,,nov'20,11,252,2,35,,
C,M6c4norte,,Haageocereus,mix,,nov'20,5,189,2,38,,
C,M6c4norte,,Haageocereus ,mix,,nov'20,8,63,2,38,,
C,M6c4norte,003-50,Mammillaria,muehlenpfordtii ,,mar'21,17,252,2,35,,
C,M6c4norte,,Eriocactus,ampliocostatus,,nov'20,1.8,252,2,35,,
C,M6c4norte,,Eriocactus ,ampliocostatus ,,nov'20,1,84,2,35,,
C,M6c4norte,,Trixanthocereus ,blossfeldiorum ,,nov'20,1.5,84,2,1,,
C,M6c4norte,,Trixanthocereus ,blossfeldiorum ,,nov'20,1.7,252,2,1,,
C,M6c4norte,,Trixanthocereus ,senilis,,nov'20,2.5,84,2,1,,
C,M6c4norte,,Trixanthocereus ,senilis,,nov'20,0.5,252,2,1,,
C,M6c4norte,,mix,para terracota,,,3,84,2,1,,
C,M6c4norte,,Cereus,forbesii,,nov'19,1.5,252,2,38,,
C,M6c4norte,,Mila,caespitosa ,,nov'20,2,252,2,1,,
C,M6c4norte,,Haageocereus ,mix,,nov'20,51,84,2,38,,
C,M6c4norte,,Haageocereus ,mix,,nov'20,37,252,2,38,,
C,M6c4norte,,Mila,caespitosa ,,nov'20,1.5,84,2,1,,
C,M6c4norte,,Austrocephalocereus,dybowskii,,nov'20,3,84,2,38,,
C,M6c4norte,,Austrocephalocereus ,dybowskii ,,no'20,1.3,252,2,1,,
C,M6c4norte,,Espostoa,spec Nova bella ,,nov'20,1.5,252,2,1,,
C,M6c4norte,,Espostoa ,spec Nova bella,,nov'20,1,84,2,1,,
C,M6c4norte,013-x5,cactus,chile,,nov'21,6,1000,1,2,,
C,M6c4norte,013-53,cactus,chile,mix tiene floccosa ,nov'21,14,1000,1,2,,
C,M6c4norte,013-x6,cactus,chile,mix tiene floccosa ,nov'21,4,1000,1,2,,
C,M6c4norte,013-x8,cactus ,chile,follaje oscuro(marron-violeta) esp corta ,nov'21,1,1000,1,2,,
C,M6c4norte,013-25,cactus,chile,parece eriosyce multicolor,nov'21,3,1000,1,2,,
C,M6c4norte,013-x17,cactus,chile,parece eriosyce nidus,nov'21,2,1000,1,2,,
C,M6c4norte,013-x13,cactus,chile,parece eriosyce multicolor ,nov'21,1,1000,1,2,,
C,M6c4norte,,Mammillaria,ernestii ,,mar'21,1,252,2,38,,
C,M6c4norte,,Mammillaria ,ernestii,,mar'21,1,84,2,38,,
C,M6c4norte,,Mammillaria ,backebergeana ,,mar'21,2,84,2,38,,
C,M6c4norte,,Mammillaria ,snowcap,,gajo jun'23,11,252,2,1,,
C,M6c4norte,,Sulcorebutia,sp,flor amarilla ,gajo jun'23,15,252,2,1,,
C,M6c4norte,,Sulcorebutia,sp,flor amarilla,gajo jun'23,8,84,2,1,,
C,M6c4norte,003-24,Mammillaria ,parecida a bocasana,,mar'21,7,252,2,1,,
C,M6c4norte,,Sulcorebutia ,parecida a heliosa,,gajo jun'23,5,84,2,1,,
C,M6c4norte,,Sulcorebutia ,parecida a heliosa ,,gajo jun'23,3,252,2,1,,
C,M6c4norte,,Cleistocactus ,strausii,,feb'21,7.5,252,2,1,,
C,M6c4norte,,Rebutia,,follaje peque침o flor naranja ,gajo jun'23,8,252,2,1,,
C,M6c4norte,,Rebutia,,follaje verde ,gajo jun'23,3,252,2,1,,
C,M6c4norte ,,Astrophytum ,rokkotsu,,gajo abril/mayo'23,2,98,2,1,,
C,M6c4norte ,,Lophophora ,,,gajo abril/mayo'23,11,84,2,1,,
C,M6c4norte ,,Lophophora ,,,gajo abril/mayo'23,6,252,2,1,,
C,M6c4norte ,,Trichocereus ,,parece andalgalensis ,,19,84,2,35,,
C,M6c4norte ,,Trichocereus ,,parece andalgalensis ,,3,252,2,1,,
C,M6c4norte ,,Lobivia ,aurea,,feb'21,17,252,2,1,,
C,M6c4norte ,,Lobivia ,aurea,floreciendo ,feb'21,40.5,84,2,1,,
C,M6c4norte ,,Echinolobivia,,cartel dice L. kuenrichii 001-29,mar'21,5,84,2,1,,
C,M6c4norte ,003-58,Mammillaria ,backebergeana ,,mar'21,1,252,2,35,,
C,M6c4norte ,num14,Mammillaria ,,parecida a albilanata ,mar'21,2,84,2,1,,
C,M6c4norte ,num14,Mammillaria ,,parecida a albilanata ,mar'21,2,252,2,1,,
C,M6c4norte ,030-3,Melocactus ,bahiensis ,,feb'21,1,84,2,1,,
C,M6c4norte ,,Mammillaria ,nivosa ,,,1,84,2,35,,
C,M6c4norte ,002-36,Notocactus ,arnostianus ,,mar'21,0.5,252,2,1,,
C,M6c4norte ,,Lobivia,silvestrii,,gajo,0.8,252,2,1,,
C,M6c4norte ,003-60,Mammillaria ,bocasana,flor fucsia ,mar'21,3,252,2,1,,
C,M6c4norte ,003-60,Mammillaria ,bocasana,flor fucsia,mar'21,16,84,2,1,,
C,M6c4sur,num26,Mammillaria ,,parecida a backebergeana ,mar'21,2,84,2,35,,
C,M6c4sur,003-58,Mammillaria ,backebergeana ,,mar'21,16,252,2,35,,
C,M6c4sur,003-58,Mammillaria ,backebergeana ,,mar'21,8,50,2,38,,
C,M6c4sur,,Gymnocalycium ,schiquendantzii ,,,1.5,84,2,38,,
C,M6c4sur,003-4,Mammillaria ,,parecida a bocasana ,mar'21,7,84,2,35,,
C,M6c4sur,,Matucana,aurantiaca ,,ene'22,2,252,2,35,,
C,M6c4sur,030-3,Melocactus,,,dic'21,43,252,2,1,,
C,M6c4sur,030-3,Melocactus ,,,dic'21,20,84,2,1,,
C,M6c4sur,004-16,Gymnocalycium ,ragonesei ,,nov'21,1,252,2,1,,
C,M6c4sur,042-x1,Ferocactus,,,nov'21,14,252,2,35,,
C,M6c4sur,042-x1,Ferocactus ,,,nov'21,18,84,2,35,,
C,M6c4sur,003-64,Mammillaria ,splendens ,,dic'21,21,252,2,35,,
C,M6c4sur,003-64,Mammillaria ,splendens ,,dic'21,5,84,2,35,,
C,M6c4sur,,Lithops,mix,,ene'21,53,252,2,35,,
C,M6c4sur,,Lithops ,mix,,ene'21,86,84,2,35,,
C,M6c3sur,num26,Mammillaria ,,parece backebergeana ,mar'21,28,84,2,38,,
C,M6c3sur,num26,Mammillaria ,,parece backebergeana ,mar'21,16,50,2,38,,
C,M6c3sur,num26,Mammillaria,,parece backebergeana ,mar'21,16,252,2,35,,
C,M6c3sur,,Gymnocalycium ,quehlianum ,,oct'20,1,252,2,2,,
C,M6c3sur,002-12,Notocactus ,tabularis,parece horario o muegelianus ,mar'21,26,252,2,35,,
C,M6c3sur,,Notocactus ,scopa,,,3,126,2,2,,
C,M6c3sur,num22,Mammillaria ,ernestii,,mar'21,5,84,2,38,,
C,M6c3sur,num22,Mammillaria,ernestii ,,mar'21,34,252,2,38,,
C,M6c3sur,,Mammillaria ,prolifera,e. amarilla,,1,252,2,35,,
C,M6c3sur,026-2,Cereus,forbesii,,dic'21,25,126,2,1,,
C,M6c3sur,042-7,Ferocactus ,latispinus ,,mar'21,6,252,2,35,,
C,M6c3sur,num18,Mammillaria ,spinosissima ,,mar'21,18.5,252,2,38,,
C,M6c3sur,011-2,Echinofossulocactus ,,,mar'21,1,252,2,35,,
C,M6c3sur,003-5,Mammillaria ,glasii ,,mar'21,3.5,252,2,35,,
C,M6c3sur,007-22,Parodia maassii ,,,nov'21,3.3,252,2,1,,
C,M6c3sur,035-1,Rebutia,,,dic'21,9,252,2,1,,
C,M6c3sur,003-x1,Mammillaria ,bocasana,,dic'21,68,252,2,1,,
C,M6c3sur,003-35,Mammillaria ,elongara,,dic'21,4,84,2,1,,
C,M5c4norte ,003-5,Mammillaria ,glasii ,,dic'21,56,252,2,1,,
C,M5c4norte ,,Mix R8T,,,,10,84,2,1,,
C,M5c4norte ,002-25,Notocactus ,uebelmanianus ,,dic'21,26,252,2,1,,
C,M5c4norte ,042-7,Ferocactus ,latispinus ,,dic'21,32,252,2,1,,
C,M5c4norte ,,Gymnocalycium ,Spegazzinii ,,nov'19,6,60,2,1,,
C,M5c4norte ,,Mammillaria ,colombiana ,,,1,25,2,35,,
C,M5c4norte ,,Mammillaria ,ernestii,,,2,252,2,38,,
C,M5c4norte ,,Trichocereus ,hibridos ,,oct'20,3,84,2,311,,
C,M5c4norte ,,Echinopsis,subdenudata,,nov'19,3,84,2,35,,
C,M5c4norte ,,Trichocereus ,pseudocandicans,flor amarilla,oct'20,1.4,84,2,engorde,,
C,M5c4norte ,,Mammillaria ,rhodantha ,esp amarillas,oct'20,3,84,2,38,,
C,M5c4norte ,,Notocactus ,ottonis,,oct'20,3.2,84,2,35,,
C,M5c4norte ,,Trichocereus ,bridgesii,,oct'20,2,84,2,38,,
C,M5c4norte ,,Pyrrocactus ,,,oct'20,2,60,2,1,,
C,M5c4norte ,,Notocactus,uebelmanianus ,,oct'20,3,84,2,35,,
C,M5c4norte ,,Ferocactus,latispinus,,oct'20,2,60,2,38,,
C,M5c4norte ,,Notocactus ,concinus,el cartel dice matucana holanda,oct'20,11,84,2,35,,
C,M5c4norte ,,Notocactus ,parecido a leninghausii ,,oct'20,2,84,2,35,,
C,M5c4norte ,,Melocactus ,num 2,trujilloensis?,oct'20,1.5,84,2,38,,
C,M5c4norte ,,Rebutia,albierolata(chequear ortograf칤a),flor roja,oct'20 ,1.5,84,2,35,cosechar semillas,
C,M5c4norte ,,Thelocactus,bicolor,,,0.3,84,2,1,,
C,M5c4norte ,,Notocactus,schlosseri,,may'18,0.7,84,2,35,,
C,M5c4norte ,,Mammillaria ,microcarpa,parecida a boli,nov'18,1,20,2,35,,
C,M5c4norte ,,Neoporteria ,islayensis,,dic'18,1,35,2,1,,
C,M5c4norte ,,Thelocactus ,rinconensis nidulans,,dic'18,1,106,2,1,,
C,M5c4norte ,,Thelocactus ,hexaedrophorus,,dic'18,1,49,2,1,,
C,M5c4norte ,,Echinocereus ,rigidissimus v rubispinus,,dic'18,1.5,84,2,1,,
C,M5c4norte ,,Mix,,,,9,84,2,1,,
C,M5c4norte ,,Notocactus ,leninghausii ,,nov'19,3.5,84,2,35,,
C,M5c4norte ,,Mammillaria ,guelzowiana ,,oct'20,10,84,2,35,,
C,M5c4norte ,,Trichocereus ,pseudocandicans,flor salmon,oct'20,3,84,2,engorde,,
C,M5c4norte ,,Gymnocalycium ,bruchii,,oct'20,3,84,2,35,,
C,M5c4norte ,,Notocactus ,haselbergii ,flor esmeralda,nov'18,1,49,2,35,,
C,M5c4norte ,,Gymnocalycium ,saglione,,,1.5,84,2,1,,
C,M5c4norte ,,Notocactus ,roseoluteus ,,,1,84,2,35,,
C,M5c4norte ,,Mammillaria ,densispina ,,nov'19,2,84,2,35,,
C,M5c4norte ,,Neoporteria ,villosa ,,,0.5,84,2,1,,
C,M5c4norte ,,Lobivia,arachnacantha ,flor roja( el cartel dice flor roja pero est치n ahora con flor),oct'20,4,84,2,35,,
C,M5c4norte ,,Mix,,"melocactus, neoporteria echinocereus etc ",oct'20,3.5,84,2,1,,
C,M5c4norte ,,Lobivia,gajos de la luisramirensis,,,1,60,2,311,,
C,M5c4norte ,,Rebutia,violaciflora,,,1,84,2,1,,
C,M5c4norte ,,Notocactus ,mammulosus ,,,1,70,2,35,,
C,M5c4norte ,,Copiapoa,hypogaea ,,dic'19,1.3,84,2,1,,
C,M5c4norte ,,Melocactus ,bahiensis,,nov'19,2.5,84,2,1,,
C,M5c4norte ,,Gymnocalycium ,schiquendantzii ,,may'19,2,50,2,1,,
C,M5c4norte ,,Lobivia,dobeana,,feb'21,2,84,2,35,,
C,M5c4norte ,,Gymnocalycium ,baldianum,flor roja (a la vista),jul'22,1,84,2,1,,
C,M5c4norte ,003-65,Mammillaria ,ernestii,,dic'21,53,252,2,1,,
C,M5c4norte ,003-65,Mammillaria ,ernestii ,,dic'21,92,84,2,35,,
C,M5c4norte ,,Neoporteria ,clavara procera,,dic'18,1,84,2,1,,
C,M5c4norte ,003-58,Mammillaria ,backebergeana ,,feb'20,1,79,2,38,,
C,M5c4norte ,,Lobivia,ferox,,,1,84,2,35,,
C,M5c4norte ,002-8,Notocactus,esp amarillas,,oct'20,4.5,252,2,35,,
C,M5c4norte ,,Trichocereus ,andalgalensis ,esp amarilla flor roja,oct'20,2,84,2,38,,
C,M5c4norte ,,Notocactus,magnifico,,,1,16,2,311,,
C,M5c4norte ,,Lobivia ,aurea,,,1,30,2,engorde,,
C,M5c4norte ,,Notocactus ,holanda,,mar'21,1,84,2,35,,
C,M5c4norte ,002-8,Notocactus ,parecido a leninghausii ,,dic'21,31,252,2,1,,
C,M5c4norte ,002-8,Notocactus ,parecido a leninghausii ,,dic'21,5,84,2,1,,
C,M5c3norte,013-01,,,,dic'21,3,252,2,1,,
C,M5c3norte,003-x2,Mammillaria ,elongata,,dic'21,23,84,2,1,,
C,M5c3norte,026-6,Cereus,espiralado,,dic'21,34,252,2,1,,
C,M5c3norte,003-x4,Mammillaria ,camptotricha ,,dic'21,5,252,2,1,,
C,M5c3norte,035-11,Rebutia,,esp blnaca flor naranja fuerte peque침a,dic'21,15.5,252,2,1,,
C,M5c3norte,035-2,Rebutia ,violaciflora,,dic'21,6,252,2,1,,
C,M5c3norte,007-12,Parodia,maassii,,dic'21,14,84,2,1,,
C,M5c3norte,001-x13,,,echinopsis tipo eiryesi ,nov'21,9,252,2,1,ser치n los h칤bridos de colores?,
C,M5c3norte,003-58,Mammillaria ,backebergeana ,,oct'20,3,84,2,35,,
C,M5c3norte,002-9,Notocactus ,espina marr칩n ,,oct'20,3,84,2,35,,
C,M5c3norte,,Mammillaria ,voburnensis,,,6.5,84,2,35,,
C,M5c3norte,,Mix,,,,12,84,2,1,,
C,M5c3norte,001-20,Lobivia ,silvestrii,,nov'20,7,84,2,35,,
C,M5c3norte,,Gymnocalycium ,baldianum ,,nov'20,12,70,2,1,,
C,M5c3norte,009-1,Echinocereus ,nivosus,,mar'21,7,50,2,1,,
C,M5c3norte,003-44,Mammillaria ,wildii,,abr'22,10,40,2,1,,
C,M5c3norte,,Mammillaria ,haniana ,,,0.7,252,2,35,,
C,M5c3norte,022-25,Trichocereus ,andalgalensis ,e amarilla f roja,,2,84,2,35,,
C,M5c3norte,,Notocactus,concinus,,nov'19,2,84,2,1,,
C,M5c3norte,,Mammillaria ,muehlenpfordtii ,,nov'19,4,35,2,35,,
C,M5c3norte,,Mammillaria ,ernestii,,,75,84,2,35,,
C,M5c3norte,,Pyrrocactus ,marayense,,nov'19,5,60,2,1,,
C,M5c3norte,,Gymnocalycium ,Spegazzinii ,,nov'19,2,84,2,1,,
C,M5c3norte,,Gymnocalycium ,schiquendantzii ,,nov'19,2,70,2,1,,
C,M5c3norte,,Gymnocalycium ,matoense,,,2,84,2,35,,
C,M5c3norte,,Gymnocalycium ,mihanovichi ,,,0.6,84,2,35,,
C,M5c3norte,,Mammillaria ,bombycina ,,,3,84,2,1,,
C,M5c3norte,,Cleistocactus ,hyalacanthus,,,3.5,252,2,1,recordar q se plantan 3 x maceta,
C,M5c3norte,,Mammillaria,bocasana,,,3,84,2,35,,
C,M5c3norte,,Mammillaria ,,parecida a bocasana,,6,84,2,35,,
C,M5c3norte,,Mammillaria ,guinsa maru,,,2,84,2,35,,
C,M5c3norte,,Notocactus ,scopa,,,1,49,2,35,,
C,M5c3norte,,Notocactus ,leninghausii ,,,1,84,2,35,,
C,M5c3norte,,Notocactus ,haselbergii ,,,1,15,2,35,,
C,M5c3norte,,Hildewinteria ,,,nov'21,8,252,2,1,recordar q se plantan 3 x maceta,
C,M5c3norte,,Notocactus ,roseoluteus ,,nov'21,10,84,2,1,,
C,M5c3norte,,Mammillaria ,spinosissima ,,nov'21,11,84,2,1,,
C,M5c3norte,077-4,oreocereus,doelzinaus ,,nov'21,1,252,2,1,,
C,M5c3norte,,Cereus,uruguayense ,,feb'21,6,252,2,35,recordar q se plantan 3 x maceta,
C,M5c3norte,020-1,Cleistocactus ,hyalacanthus ,,abr'22,12,84,2,311,recordar q se plantan 3 x maceta,
C,M5c3norte,002-8,Notocactus ,e amarillas,,mar'21,6,252,2,1,,
C,M5c3norte,002-9,Notocactus ,e marron,,mar'21,22,40,2,35,,
C,M5c3norte,002-28,Notocactus ,horstii,,mar'21,4,84,2,35,,
C,M5c3norte,002-28,Notocactus ,horstii,,mar'21,3,252,2,35,,
C,M5c3norte,002-16,Notocactus ,scopa,albispino,mar'21,15,84,2,2,,
C,M5c3norte,,Pilosocereus ,pentaedrophorus ,,nov'21,11,252,2,35,recordar q se plantan 3 x maceta,
C,M5c3norte,,Notocactus ,mammulosus ,,nov'19,13,30,2,1,,
C,T2c1,,Faucaria,tigrina,,dic'22,87.5,252,2,35,,
C,T2c1,,Faucaria,brittaniae,,dic'22,7,252,2,38,,
C,T2c1,,Faucaria,boscheana,,dic'22,3.5,252,2,38,,
C,T2c1,,sempervivum ,oddity ,,gajo,3,77,2,1,,
C,T2c1,,Echeveria,linda jean ,,hoja,7,84,2,35,,
C,T2c1,,Titanopsis ,primosii ,,feb'22,10,252,2,35,,
C,T2c1,,Titanopsis ,fulleri,,feb'22,6,252,2,35,,
C,T2c1,,Titanopsis ,schwantesii ,,feb'22,4.5,252,2,35,,
C,T2c1,,Titanopsis ,hugo,,ene'22,10.5,252,2,35,,
C,T2c1,,Sulcorebutia ,rauschii ,,gajo,7,252,2,1,,
C,T2c1,,Sulcorebutia ,,flor amarilla,gajo,2,252,2,1,,
C,T2c1,,Echinocereus ,papillosus,,gajo,8,50,2,38,,
C,T2c1,,Chamaecereus ,arlequ칤n ,,gajo,2,84,2,38,plantar x 3gajos,
C,T2c1,,Epitelantha ,,,gajo,4,35,2,38,,
C,T2c1,,Escobaria,sneedi ssp leei,,gajo,2,30,2,38,,
C,T2c1,,Mammillaria ,snowcap ,,gajo,1,40,2,38,,
C,T2c1,,Lobivia ,,flor roja,gajo,2,30,2,311,,
C,T2c1,,Turbinicarpus ,beguini,,gajo,1,50,2,38,,
C,T2c1,,Notocactus,mammulosus ,,gajo,2,18,2,engorde,,
C,T2c1,,cactus ,chilenos,,gajo,6,28,2,38,,
C,T2c1,,Sulcorebutia ,rauschii,,gajo,2,45,2,38,,
C,T2c1,,Sulcorebutia ,rauschii,,gajo,1,28,2,engorde ,,
C,T2c1,,Sulcorebutia ,rauschii,,gajo,3,84,2,1,,
C,T2c1,,Rebutias,mix,,gajo,14,28,2,38,,
C,T2c1,,Astrophytum ,hibridos,,gajo,14.5,45,2,38,,
C,T2c1,,Astrophytum ,asterias ,,gajo,5.5,60,2,38,,
C,T2c1,,Lophophora ,,,gajo,27,45,2,38,,
C,M5c4sur,001-41,Lobivia ,ferox,f fucsia,oct'20,2,84,2,1,,
C,M5c4sur,,Lobivia ,dobeana,,,4,84,2,1,,
C,M5c4sur,,Lobivia,bruchii,,,1,70,2,35,,
C,M5c4sur,,Matucana,madisoniorum,,nov'19,2,60,2,35,,
C,M5c4sur,,Mix,,,,2,11,2,311,,
C,M5c4sur,,Mix,,,,11,84,2,1,,
C,M5c4sur,,Eriosyce ,nidus,primer repique may'19,,1,84,2,1,,
C,M5c4sur,,Ferocactus,latispinus,,,1,84,2,35,,
C,M5c4sur,,Gymnocalycium ,,del norte f roja(tiene mix con copiapoa),jun'18,1,84,2,1,,
C,M5c4sur,,Cereus ,espiralado,,,5,84,2,1,,
C,M5c4sur,001-29,Lobivia,kuenrichii ,,nov'21,1,300,1,1,,
C,M5c4sur,,Mix,"polaskia, piloso, c senilis",,,1,84,2,1,R8B,
C,M5c4sur,,Echinopsis,subdenudata,,mar'21,2,252,2,35,,
C,M5c4sur,,Echinopsis ,subdenudata ,,mar'21,11,84,2,38,,
C,M5c4sur,,Mammillaria ,,3 esp diferentes de kein,,2,70,2,madres,,
C,M5c4sur,,copiapoas ,,,,1,84,2,38,,
C,M5c4sur,,Notocactus ,schlosseri ,,nov'19,1,84,2,35,,
C,M5c4sur,,Gymnocalycium ,kieslingii ,,,2,84,2,1,,
C,M5c4sur,,Mammillaria ,sp miguel,,,1,50,2,35,,
C,M5c4sur,,copiapoa ,sp,,,2.5,35,2,1,,
C,M5c4sur,,Escobaria,europa buscar el ID lo tenemos ,,,1,50,2,38,*3pl,
C,M5c4sur,,eriosyce,napina,,jun'18,1,84,2,1,,
C,M5c4sur,003-82,Mammillaria ,,parece matudae,,5,252,2,1,,
C,M5c4sur,,Rebutia,violaciflora ,,,3,40,2,1,,
C,M5c4sur,017-6,Matucana,polzii,,dic'21,25,252,2,1,,
C,M5c4sur,,Coryphantha ,,,nov'21,3,252,2,1,,
C,M5c4sur,,Lobivia,,parece arachnacantha ,,1.5,252,2,1,,
C,M5c4sur,17-x-333,Copiapoa,sp,,nov'21,2,252,2,1,,
C,M5c4sur,003-53,Mammillaria ,droegeana ,,nov'21,9,252,2,1,,
C,M5c4sur,026-6,Trichocereus ,pachanoi ,,nov'21,5,252,2,1,,
C,M5c4sur,,Mammillaria ,chionocephala,,nov'18,1,56,2,38,,
C,M5c4sur,,Echinocereus ,pectinatus ,,nov'21,24,50,2,1,varias muertas,
C,M5c4sur,042-5,Ferocactus ,glaucescens ,,mar'21,2.2,84,2,35,,
C,M5c4sur,,Cleistocactus ,hayalacanthus,,nov'20,3,252,2,38,recordar q se plantan 3 x maceta,
C,M5c4sur,,Astrophytum ,ornatum,,mar'21,3,200,2,1,algunas muertas,
C,M5c4sur,,Espostoa,Lanata nana,,,2.1,84,2,1,,
C,M5c4sur,,Espostoa,lanata,,,1.9,84,2,38,,
C,M5c4sur,,Haageocereus ,,,,1.5,84,2,35,,
C,M5c4sur,,Ferocactus ,latispinus ,,mar'21,5,84,2,1,,
C,M5c4sur,,Mammillaria ,ernestii,,mar'21,1,84,2,1,,
C,M5c4sur,,Neoporteria ,multicolor ,parece subgibosa,dic'18,0.5,84,2,38,,
C,M5c4sur,,Mix,"T hexaedrophorus, M tapexinensis, L pygmaea etc etc ",,jun'19,3,84,2,1,,
C,M5c4sur,,Mix,"M apozolensis, P crysacanthion, Gymnos Rebutias etc etc",,nov'18,9,84,2,35,,
C,M5c4sur,,Thelocephala ,esmeraldana ,,jun'19,0.5,84,2,38,,
C,M5c4sur,,Cleistocactus ,hyalacanthus ,,,0.5,84,2,311,recordar q se plantan 3 x maceta,
C,M5c4sur,,Mammillaria ,roseocentra,,no'18,0.3,84,2,1,,
C,M5c4sur,,Lobivia ,,bruchii?,,1,84,2,38,,
C,M5c4sur,,Mammillaria ,moelleriana ,,dic'18,0.3,84,2,engorde,,
C,M5c4sur,,Escobaria ,laredoy cepeda,,dic'18,0.5,84,2,38,,
C,M5c4sur,,Mammillaria ,candida,,nov'18,0.3,84,2,engorde,,
C,M5c4sur,,Escobaria,dasyacantha candelaria,,dic'18,0.2,84,2,engorde,,
C,M5c4sur,,Echinofossulocactus ,coptonogonus,,,0.3,84,2,1,,
C,M5c4sur,,Mammillaria ,gracilis,,gajo,1,84,2,1,,
C,M5c4sur,,Mammillaria ,snowcap ,,gajo,0.5,84,2,38,,
C,M5c4sur,,Mammillaria ,ritteriana,,,0.5,84,2,38,,
C,M5c4sur,,Echinocereus ,coccineus,JRT593,dic'18,0.5,84,2,311,,
C,M5c4sur,,Mammillaria ,backebergeana ,y lobivia ferox,,1,50,2,311,,
C,M5c4sur,,Lobivia,arachnacantha ,,,6,84,2,38,,
C,M5c4sur,,Trichocereus ,pachanoi,,,2,84,2,38,,
C,M5c4sur,,Mammillaria ,gasseriana,,nov'18,1.3,84,2,1,,
C,M5c4sur,,Eriosyce ,esmeraldana ,,,0.5,84,2,1,,
C,M5c4sur,,Copiapoa,sp,,,0.7,84,2,1,,
C,M5c4sur,,Mammillaria ,slevinii,,ene'19,0.4,84,2,1,,
C,M5c4sur,,Coryphantha ,,,,1,84,2,1,,
C,M5c4sur,,Copiapoa ,sp,,jun'18,3,84,2,1,,
C,M5c4sur,,Mix ,"gymnos, mammillarias ",,,6,84,2,35,,
C,M5c4sur,,Rebutia,violaciflora ,,nov'19,1.5,84,2,1,,
C,M5c4sur,,Mammillaria ,magallani-parras,,nov'18,0.2,84,2,38,,
C,M5c4sur,,Mammillaria ,portosii,es de porte columnar peque침o ,nov'18,0.2,84,2,38,,
C,M5c4sur,,Lobivia,quiabayensis,,gajo,1,252,2,1,,
C,M5c4sur,,Mammillaria ,rhodantha ,,mar'21,7,84,2,engorde,,
C,M5c4sur,,Haageocereus ,,,mar'21,5,252,2,35,,
C,M5c4sur,,Haageocereus ,,,mar'21,4,84,2,38,,
C,M5c4sur,,Notocactus ,magnifico,,,1,36,2,38,,
C,M5c4sur,,Echinofossulocactus ,sp,,,0.5,84,2,35,,
C,M5c3sur,,Mix,,"m guelzowiana, melocactus, eriosyce nidus etc etc",,3,84,2,35,,
C,M5c3sur,,Chamaecereus ,,dif colores,gajo,10,84,2,38,,
C,M5c3sur,,Parodia,maassii,,,1.3,252,2,1,,
C,M5c3sur,,Mammillaria ,bocasana,,,2,84,2,1,,
C,M5c3sur,,Gymnocalycium ,baldianum,,jul'22,15.5,84,2,1,,
C,M5c3sur,,Gymnocalycium ,baldianum ,,jul'22,1,252,2,1,,
C,M5c3sur,,Mammillaria ,glasii ,,,4.5,252,2,1,,
C,M5c3sur,,Notocactus ,claviceps ,,mar'21,1,252,2,1,,
C,M5c3sur,,Notocactus ,claviceps ,,mar'21,1.5,84,2,35,,
C,M5c3sur,,Gymnocalycium ,schiquendantzii ,,dic'20,11.5,84,2,1,,
C,M5c3sur,,Mix,,"astrophytum mix, denmoza, etc",oct'19,5,84,2,1,,
C,M5c3sur,,Lobivia,ferox,,nov'21,3.8,84,2,1,,
C,M5c3sur,,Echinocereus ,pectinatus ,,,2.6,60,2,1,,
C,M5c3sur,,Coryphantha ,,m치s puchitos de eriosyce y echinocereus ,,2,84,2,1,,
C,M5c3sur,,Lobivia,,globosa flor fucsia ,gajo,10.5,84,2,1,,
C,M5c3sur,,Mix,,eriosyce ,,1.5,84,2,1,,
C,M5c3sur,,Lobivia ,arachnacantha ,,,9.5,84,2,35,,
C,M5c3sur,,Mix,,mammillarias,,5,252,2,1,,
C,M5c3sur,,Astrophytum ,capricorne,,dic'21,3,252,2,1,,
C,M5c3sur,,Astrophytum ,mix,,dic'21,4,84,2,35,,
C,M5c3sur,,Mix,,lobivias echinocereus echinofossulo ,,13,84,2,1,,
C,M5c3sur,,Eriosyce ,mix,,,4.3,252,2,1,,
C,M5c3sur,,Notocactus,leninghausii ,,,1,252,2,1,,
C,M5c3sur,,Notocactus ,leninghausii ,,,0.5,84,2,35,,
C,M5c3sur,,Melocactus ,,,,5.3,60,2,35,,
C,M5c3sur,,Lobivia,silvestrii,,gajo,2.5,84,2,35,,
C,M5c3sur,,Eriosyce ,,tipo esmeraldana,,1.5,84,2,1,,
C,M5c3sur,,Eriosyce ,nidus ,,,1,84,2,1,,
C,M5c3sur,,Copiapoas ,,,,1,63,2,38,,
C,M5c3sur,,Matucana,multicolor ,,,1,70,2,35,,
C,M5c3sur,,Melocactus ,azureus,,,0.3,84,2,1,,
C,M5c3sur,,Rebutia,,esp marr칩n flor naranja y violaciflora ,,3.3,84,2,1,,
C,M5c3sur,,Mammillaria,pondii,slender stem,nov'18,1,25,2,38,,
C,M5c3sur,,Cereus ,forbesii ,,,1,1000,1,2,,
C,M5c3sur,,Gymnocalycium ,Spegazzinii ,,,1,84,2,1,,
C,M5c3sur,,Eriosyce ,multicolor ,,,1.5,84,2,38,,
C,M5c3sur,,Copiapoa,mix,,,0.5,84,2,1,,
C,M5c3sur,,Frailea,pydmaea,,,0.5,84,2,1,,
C,M5c3sur,,Mammillaria ,tengo del valle,,nov'21,0.5,84,2,35,,
C,M5c3sur,,Mammillaria ,tipo compresa ,,,1,84,2,35,,
C,M5c3sur,,Mix,"frailea, lobivia, echinocereus, mammillarias ",,,7,84,2,1,,
C,M5c3sur,,Leuchtenbergia,,,oct'20,2.7,84,2,35,,
C,M5c3sur,,Mammillaria ,droegeana ,,,2,252,2,1,,
C,M5c3sur,,Mammillaria ,droegeana ,,,4,84,2,35,,
C,M5c3sur,,Mammillaria ,ernestii,,oct'20,6.5,84,2,35,,
C,M5c3sur,,Mammillaria ,backebergeana ,mix con spinosissima ,,2,84,2,35,,
C,M5c3sur,,Mix,"notocactus, trichocereus, parodia",,,7,84,2,35,,
C,M5c3sur,,Echinofossulocactus ,zacatecasensis ,,,1,84,2,1,,
C,M5c3sur,,Mammillaria ,,tipo albilanata ,,2,84,2,1,,
C,M5c3sur,,Mammillaria ,sphacelata ,viperina ,gajo,2,84,2,35,,
C,M5c3sur,,Mammillaria ,nivosa ,,,0.6,252,2,1,,
C,M5c3sur,,Notocactus ,mammulosus ,,,1.3,84,2,35,,
C,M5c3sur,,Notocactus ,sp,parecido a concinus ,mar'21,1.5,84,2,1,,
C,M5c3sur,,Mammillaria ,candida ,,,1.5,84,2,35,,
C,M5c3sur,,Mix,"eriosyce, echinocereus, notocactus, astrophytum haageocereus  lob bruchii etc etc",,,9.5,84,2,35,,
C,M5c3sur,,Echinocereus ,nivosus,,,4,252,2,1,,
C,M5c3sur,,Lobivia,dobeana ,,,2.5,84,2,35,,
C,M5c3sur,,Notocactus ,roseoluteus ,,oct'20,1,84,2,35,,
C,M5c3sur,,Echinocereus ,morricalli ,,,1,20,2,38,,
C,M5c3sur,,Astrophytum ,ornatum ,,mar'21,15,126,2,1,,
C,M5c3sur,,Ferocactus ,latispinus ,,dic'21,3.5,84,2,1,,
C,M5c3sur,,Lobivia,quiabayensis ,,gajo,6,252,2,1,,
C,M5c3sur,,Gymnocalycium ,ragonesei ,,Nov'19,3.2,252,2,1,,
C,M5c3sur,,Setiechinopsis ,mirabilis ,,dic'11,10,126,2,35,,
C,M5c3sur,,Haageocereus ,,,,0.7,84,2,35,,
C,M5c3sur,,Mammillaria ,mammillaris ,,,1.5,84,2,35,,
S,M5c2norte ,1024-1,Lapidaria ,margaretae ,,dic'21,5,500,1,2,,
S,M5c2norte ,1024-1,Lapidaria,margaretae ,,dic'21,1,252,2,1,,
C,M5c2norte ,013-2,Copiapoa o Eriosyce ,,,dic'21,2,60,1,2,,
C,M5c2norte ,,Schwatesia ,loeschiana,,ene'21,2,84,2,38,,
C,M5c2norte ,,Gymnocalycium ,mihanovichi ,hay unos 10 variegados,oct'20,1,126,2,1,,
C,M5c2norte ,,Pilosocereus ,pentaedrophorus ,,dic'21,38,252,2,38,recordar q se plantan 3 x maceta,
C,M5c2norte ,003-x2,Mammillaria,elongata,,dic'21,8,84,2,35,,
C,M5c2norte ,007-5,Matucana,,tipo multicor ,dic'21,5,252,2,35,,
C,M5c2norte ,059-3,Haageocereus ,,,nov'21,3.3,126,2,35,,
C,M5c2norte ,002-16,Notocactus ,scopa,,dic'21,11,252,2,1,,
C,M5c2norte ,003-9,Mammillaria ,albilanata,,nov'21,14,252,2,35,,
C,M5c2norte ,007-6,Parodia,,parece crysacanthion ,dic'21,10,252,2,1,,
C,M5c2norte ,001-9,Echinocereus ,nivosus,,nov'21,3,84,2,1,,
C,M5c2norte ,009-5,Echinocereus ,pectinatus ,,nov'21,1,126,2,1,,
C,M5c2norte ,013-1,Copiapoa o Eriosyce ,,,dic'21,46,252,2,1,,
C,M5c2norte ,026-6,Cereus,espiralado ,,nov'21,1,252,2,1,,
C,M5c2norte ,007-10,Parodia,penicillata ,mix con P maassii,dic'21,7,252,2,1,,
C,M5c2norte ,013-x17,Copiapoa o Eriosyce ,,parece eriosyce nidus,nov'21,106,252,2,1,,
S,M5c2norte ,,Titanopsis ,hugo-schlechteri ,,,4,252,2,38,,
C,M5c2norte ,013-x5,Copiapoa o Eriosyce ,,,nov'21,30,252,2,1,,
C,M5c2norte ,013-25,Copiapoa o Eriosyce ,parece eriosyce multicolor ,,nov'21,7,252,2,1,,
C,M5c2norte ,013-x3,Copiapoa o Eriosyce ,parece esmeraldana,,nov'21,17,252,2,1,,
C,M5c2norte ,013-x21,Copiapoa o Eriosyce ,,,nov'21,1,252,2,1,,
C,M5c2norte ,013-12,Copiapoa o Eriosyce ,,parece eriosyce napina,dic'21,1.5,252,2,1,,
C,M5c2norte ,013-23,Copiapoa o Eriosyce ,,,dic'21,9,252,2,1,,
C,M5c2norte ,num8,Mammillaria ,mammillaris,,mar'21,4,252,2,35,,
C,M5c2norte ,num8,Mammillaria,mammillaris,,mar'21,3,84,2,38,,
C,M5c2norte ,003-66,Mammillaria ,,,dic'21,21,252,2,1,,
C,M5c2norte ,03-66,Mammillaria ,,,dic'21,28,84,2,35,,
C,M5c2norte ,1040-1,Schwatesia ,borcherdsii ,,dic'21,12,126,2,38,,
C,M5c1norte ,004-13,Gymnocalycium ,baldianum ,catamarca,jul'22,1,84,2,1,,
C,M5c1norte ,003-93,Mammillaria ,,sp Miguel ,mar'21,7.5,252,2,1,,
C,M5c1norte ,,Mammillaria ,boli,,,9,10,2,311,,
C,M5c1norte ,,Mammillaria,boli,,,16,84,2,35,,
C,M5c1norte ,,Parodia,crysacanthion ,,,1,252,2,1,,
C,M5c1norte ,,Frailea,,parece frailea especie peque침a,,0.3,252,2,1,,
C,M5c1norte ,013-00,Copiapoa o Eriosyce ,,tipo esmeraldana ,dic'21,1,300,1,2,,
C,M5c1norte ,004-16,Gymnocalycium ,ragonesei ,,dic'21,1,1000,1,2,,
C,M5c1norte ,001-3,Lobivia,arachnacantha ,,feb'21,4,5,2,311,se ha ido sacando lonmas chico ,
C,M5c1norte ,001-3,Lobivia ,arachnacantha ,flor rosada,feb'21,1,300,2,38,,
C,M5c1norte ,,Astrophytum ,myriostigma nudum,,oct'19,1,84,2,35,,
C,M5c1norte ,num8,Mammillaria ,mammillaris ,,mar'21,6,252,2,35,,
C,M5c1norte ,013-2,Copiapoa o Eriosyce ,,parecido a villosa,dic'21,1,150,1,2,,
C,M5c1norte ,,Mix,haageocereus mammillaria y notocactus,,oct'20,3,84,2,35,,
C,M5c1norte ,,Copiapoa,humilis,,2018/19?,1,42,2,38,,
C,M5c1norte ,,Mammillaria ,grusonii?,,2018/19?,1,30,2,38,,
C,M5c1norte ,,Mammillaria ,apozolensis ,,,1,36,2,38,,
C,M5c1norte ,,Lobivia ,ferox,,feb'21,4,1000,1,35,,
C,M5c1norte ,,Ferocactus,,campo,feb'21,1,1000,1,2,urge repique,
C,M5c1norte ,,Cereus,uruguayense ,,nov'20,1,252,2,38,,
C,M5c1norte ,,Mix,mammillaria Gymnocalycium lobivias,,,6,10,2,2,juntar ,
C,M5c1norte ,003-16,Mammillaria ,sp,,oct'20,1,30,2,38,,
C,M5c1norte ,,Mammillaria ,mammillaris ,,mar'21,4,84,2,35,,
C,M5c1norte ,013-8,Neoporteria ,,,may'19,4,84,2,38,,
C,M5c1norte ,058-7,Pilosocereus ,pentaedrophorus ,,dic'21,2,252,2,35,recordar q se plantan 3 x maceta,
C,M5c1norte ,,Notocactus ,mammulosus ,,nov'19,0.5,84,2,1,,
C,M5c1norte ,,Notocactus ,haselbergii ,flor esmeralda ,nov'19,0.5,84,2,1,,
C,M5c1norte ,,Notocactus,concinus,,nov'19,1,84,2,35,,
C,M5c1norte ,,Melocactus,neryii ,,,1.5,84,2,38,,
C,M5c1norte ,,Notocactus ,buiningii ,,,1,84,2,1,,
C,M5c1norte ,,Astrophytum ,asterias,,ene'19,1.5,84,2,1,,
C,M5c1norte ,003-66,Mammillaria ,,,dic'21,112,252,2,1,,
C,M5c1norte ,003-66,Mammillaria ,,,dic'21,51,84,2,35,,
C,M5c1norte ,19-x-336B,Copiapoa o Eriosyce ,,,nov'21,17,252,2,1,,
C,M5c1norte ,,Echinocereus ,pectinatus ,,nov'21,1.5,84,2,1,,
C,M5c1norte ,,Astrophytum ,capricorne,,nov'21,12,84,2,1,,
C,M5c1norte ,026-6,Cereus,uruguayense ,,feb'21,56,84,2,38,,
C,M5c1norte ,003-91,Mammillaria,droegeana ,,mar'21,12,252,2,1,,
C,M5c1norte ,002-4,Notocactus ,haselbergii ,,dic'21,23,252,2,1,,
C,M5c1norte ,009-1,Echinocereus ,nivosus,,nov'21,21,252,2,1,,
C,M5c1norte ,003-3,Mammillaria ,guelzowiana ,,mar'21,15,84,2,38,,
C,M5c1norte ,,Lobivia,tiegeliana?,,mar'21,11,84,2,35,,
C,M5c1norte ,num1,Mammillaria ,backebergeana?,,mar'21,11,252,2,38,,
C,M5c1norte ,013-x1,Copiapoa o Eriosyce ,,,nov'21,1,1000,1,2,,
C,M5c1norte ,013-13,Copiapoa o Eriosyce ,,,nov'21,1,1000,1,2,,
C,M5c1norte ,013-x2,Copiapoa o Eriosyce ,,,nov'21,1,120,1,1,,
C,M5c1norte ,013-6,Copiapoa o Eriosyce ,,,nov'21,1,100,1,1,,
C,M5c1norte ,013-21,Copiapoa o Eriosyce ,,,nov'21,1,200,1,2,,
C,M5c1norte ,013-06,Copiapoa o Eriosyce ,,,nov'21,0.8,1000,1,2,,
C,M5c1norte ,003-10,Mammillaria ,tipo albilanata ,,nov'21,0.5,252,2,1,,
C,M5c1norte ,,Rebutia,violaciflora ,,jun'19,1,84,2,1,,
S,M5c1norte ,,Lapidaria ,margaretae ,,ene'22,17,252,2,1,,
S,M6c1norte ,,Lithops,,,dic'21,74,84,2,35,,
S,M6c1norte ,,Lithops,,,dic'21,36,252,2,35,,
S,M6c1norte ,,Lithops,,,dic'21,30,42,2,35,,
C,M6c1norte ,,Astrophytum ,capricorne ,,dic'21,197,252,2,1,,
C,M6c1norte ,,Astrophytum ,myriostigma ,,dic'21,20,252,2,1,,
C,M6c1norte ,,Astrophytum ,ornatum ,,dic'21,44,252,2,1,,
C,M6c1norte ,,Parodia,maassii,,dic'21,2,252,2,1,,
C,M6c1norte ,,Mammillaria,bocasana,,dic'21,13,252,2,1,,
C,M6c1norte ,16-x-53,Copiapoa o Eriosyce ,,,dic'21,8,252,2,1,,
C,M6c1norte ,004-5,Gymnocalycium ,calochlorum,,dic'21,3,1000,1,2,,
C,M6c1norte ,004-x4,Gymnocalycium ,,parece baldianum ,dic'21,3,1000,1,2,,
C,M6c1norte ,,Gymnocalycium ,andreae ,,dic'21,1,300,2,1,,
C,M6c1norte ,004-x4,Gymnocalycium ,striglianum ,la mayor칤a es striglianum ,dic'21,2,1000,1,2,,
C,M6c1norte ,008-5,Pyrrocactus ,,,dic'21,2,1000,1,2,,
C,M6c1norte ,001-9,Lobivia,,,dic'21,3,1000,1,2,,
C,M6c1norte ,039-2,Hamatocacthus ,hamatocanthus ,,dic'21,1,1000,1,2,,
C,M6c1norte ,19-x-336B,Copiapoa o Eriosyce ,,,dic'21,5,300,1,2,,
C,M6c1norte ,035-9,Rebutia,,esp blanca,dic'21,2,300,1,2,,
C,M6c1norte ,004-12,Gymnocalycium ,mihanovichi ,,dic'21,2,300,1,2,,
C,M6c1norte ,003-58,Mammillaria ,,backebergeana?,dic'21,1,1000,1,2,,
C,M6c1norte ,,Notocactus ,submammulosus ,,dic'21,1,84,2,1,,
C,M6c1norte ,,Lobivia,,Formosa?,dic'21,0.8,84,2,38,,
C,M6c2norte ,,Echinocereus ,pentalophus ,,dic'21,1,1000,1,2,,
C,M6c2norte ,19-x-336B,Copiapoa o Eriosyce ,,,dic'21,17,300,1,2,,
C,M6c2norte ,16-x-53,Copiapoa o Eriosyce ,,,dic'21,4,500,1,2,,
C,M6c2norte ,,Astrophytum ,capricorne,,dic'21,13,1000,1,2,,
C,M6c2norte ,,Astrophytum ,asterias,,dic'21,1,300,1,ver ,,
C,M6c2norte ,,Astrophytum ,myriostigma ,,dic'21,2,252,2,1,,
C,M6c2norte ,20-x,Copiapoa o Eriosyce ,,,dic'21,1,300,1,1 o 2,,
C,M6c2norte ,004-5,Gymnocalycium ,andreae,,dic'21,4,300,1,2,,
C,M6c2norte ,,Gymnocalycium ,calochlorum ,,dic'21,2,1000,1,2,,
C,M6c2norte ,004-x4,Gymnocalycium ,striglianum ,mix con baldianum,dic'21,1,1000,1,2,,
C,M6c2norte ,,Gymnocalycium ,mihanovichi ,,dic'21,7.5,1000,1,2,,
C,M6c2norte ,001-9,Lobivia,,,dic'21,3,1000,1,2,,
C,M6c2norte ,,Mammillaria ,backebergeana ,,dic'21,8,1000,1,2,,
C,M6c2norte ,,Lobivia ,aurea,,dic'21,4,84,2,38,,
C,M6c2norte ,022-7,Trichocereus ,terscheckii,,dic'21,4,15,2,38,,
C,M6c2norte ,,Gymnocalycium ,schiquendantzii ,,dic'21,7,84,2,35,,
C,M6c2norte ,,Trichocereus ,pachanoi,,dic'21,4,1000,1,35,,
C,M6c2norte ,,Notocactus ,mammulosus ,,dic'21,7,84,2,35,,
C,M6c2norte ,,Trichocereus ,pasacana,,dic'21,5,252,2,35,,
C,M6c2norte ,026-x1,Cereus ,uruguayense ,,dic'21,5,1000,1,38,,
C,M6c2norte ,28-x13,Lobivia ,aurea?,,dic'21,1,1000,1,2,,
C,M6c2norte ,18-x-336A,Copiapoa o eriosyce ,,,dic'21,1,500,1,2,,
C,M6c2norte ,23-x-55,Copiapoa o eriosyce ,,,dic'21,1,300,1,2,,
C,M6c2norte ,,Cleistocactus ,strausii ,,dic'21,31,1000,1,2,,
C,M6c2norte ,32-x,Gymnocalycium ,,,dic'21,3,1000,1,2,,
C,M6c2norte ,20-x,copiapoa o eriosyce ,,,dic'21,3,300,1,2,,
C,M6c2norte ,23-x-55,copiapoa o eriosyce ,,,dic'21,1,300,1,2,,
C,M6c2norte ,29-x-25,copiapoa o eriosyce ,,,dic'21,1,300,1,2,,
C,M6c2norte ,004-x4,Gymnocalycium ,tipo baldianum ,,dic'21,4,1000,1,2,,
C,M6c2norte ,19-x-336B,copiapoa o eriosyce ,,,dic'21,1,1000,1,2,,
C,M6c2norte ,31-x-4,copiapoa o eriosyce ,,,dic'21,4,1000,1,2,,
C,M6c2norte ,18-x-336A,copiapoa o eriosyce ,,,dic'21,1,1000,1,2,,
C,M6c2norte ,007-7,Parodia,microsperma ,,dic'21,18,1000,1,2,,
C,M6c2norte ,013-54,,,,dic'21,3,1000,1,2,,
C,M6c2norte ,,Echinocereus ,pectinatus ,,dic'21,1,300,1,2,,
C,M6c2norte ,,Notocactus ,mammulosus ,,dic'21,1,1000,1,2,,
C,M6c2norte ,,Gymnocalycium ,calochlorum mix con bruchii,,dic'21,5,1000,1,2,,
C,M6c2norte ,027-2,Coryphantha ,,,dic'21,2,1000,1,2,,
C,M6c2norte ,,Astrophytum ,capricorne ,,dic'21,4,252,2,1,,
C,M6c2norte ,,Matucana,madisoniorum ,,dic'21,18,252,2,1,,
C,M6c2norte ,013-25,Eriosyce ,multicolor ,,dic'21,2,252,2,1,,
C,M6c2norte ,013-1,copiapoa o eriosyce ,,,dic'21,3,252,2,1,,
C,M6c2norte ,013-1,copiapoa o eriosyce ,,,dic'21,1,84,2,1,,
C,M6c2norte ,001-8,Lobivia ,,,dic'21,5.5,252,2,1,,
C,M6c2norte ,,Astrophytum ,myriostigma ,,dic'21,126,252,2,1,,
C,M6c2norte ,,Astrophytum ,myriostigma ,,dic'21,32,84,2,1,,
C,M6c2norte ,,Copiapoa o eriosyce ,,mix,dic'21,8,252,2,1,,
C,M6c2norte ,,Glandulicactus ,uncinatus,,dic'21,52,252,2,1,,
C,M6c2norte ,,Lithops,,,dic'21,2.5,252,2,35,,
C,M5c2sur ,,Notocactus,haselbergii ,,nov'21,1,1000,1,2,,
C,M5c2sur ,020-4,Cleistocactus ,baumanii ,,dic'21,1,1000,1,2,o tirar,
C,M5c2sur ,,Matucana ,madisoniorum ,,mar'21,3,84,2,1,,
C,M5c2sur ,,Matucana,khranii,,mar'21,2,252,2,1,,
S,M5c2sur ,,Lithops,,,feb'21,40,84,2,35,,
S,M5c2sur ,,Lithops,,,feb'21,14,252,2,35,,
S,M5c2sur ,,Titanopsis ,hugo-schlechteri ,,dic'21,60,252,2,38,,
S,M5c2sur ,,Aloinopsis ,mahlerbei,,,3.5,252,2,38,,
S,M5c2sur ,,Fenestraria ,aurantiaca ,,dic'21,6.5,252,2,38,,
S,M5c2sur ,,Aloe,pepe,,,1,35,2,35,,
S,M5c2sur ,,Aloe,striata,,,1,84,2,38,,
S,M5c2sur ,,Mix,suculentas ,,,7.5,60,2,311,,
C,M5c2sur ,,Haageocereus ,,,mar'21,3.2,84,2,38,,
C,M5c2sur ,,Notocactus ,uebelmanianus,,dic'21,2,252,2,1,,
C,M5c2sur ,,Notocactus ,concinus,,dic'21,5,252,2,1,,
C,M5c2sur ,,Notocactus ,uebelmanianus ,,dic'21,3,84,2,35,,
C,M5c2sur ,,Astrophytum ,rokkotsu ,,gajo,4,84,2,1,,
C,M5c2sur ,,Lobivia,silvestrii ,,gajo,1.5,84,2,1,,
C,M5c2sur ,,Lophophora ,,,gajo,1,252,2,1,,
C,M5c2sur ,,Mammillaria ,rhodantha,,mar'21,26,84,2,35,,
C,M5c2sur ,,Mammillaria,,mix,,20,84,2,35,,
C,M5c2sur ,,Mammillaria ,prolifera ,esp amarilla,,4,84,2,35,,
C,M5c2sur ,,Gymnocalycium ,baldianum ,,oct'20,10,84,2,1,,
C,M5c2sur ,,Cereus,espiralados ,,feb'22,14,252,2,1,,
C,M5c1sur ,,Matucana,khranii,,mar'21,9.5,252,2,1,,
C,M5c1sur ,,Lobivia,formosa,,nov'19,2.5,84,2,38,,
C,M5c1sur ,,Melocactus,,,,0.5,84,2,38,,
C,M5c1sur ,,Notocactus,muegelianus ,,mar'21,4,252,2,38,,
C,M5c1sur ,,Lobivia ,kuenrichii ,,oct'20,1,84,2,1,,
C,M5c1sur ,,Gymnocalycium ,striglianum ,,,0.5,84,2,35,,
C,M5c1sur ,,Notocactus ,,tipo ottonis. (holanda?) ,,2.5,84,2,35,,
C,M5c1sur ,,Notocactus ,claviceps ,,mar'21,1,252,2,2,,
C,M5c1sur ,,Notocactus ,magnifico,,mar'21,11,252,2,35,,
C,M5c1sur ,,Notocactus ,uebelmanianus ,,mar'21,5.5,252,2,35,,
C,M5c1sur ,,Notocactus ,uebelmanianus ,,mar'21,2,84,2,35,,
C,M5c1sur ,,Notocactus ,concinus ,,,2,252,2,2,,
C,M5c1sur ,,Matucana ,madisoniorum ,,mar'21,13,252,2,1,,
C,M5c1sur ,,Notocactus ,leninghausii ,,mar'21,30,252,2,35,,
C,M5c1sur ,,Notocactus ,parecido a leninghausii ,,mar'21,16.5,252,2,2,,
C,M5c1sur ,,Notocactus ,parece frailea ,,mar'21,2.5,252,2,1,,
C,M5c1sur ,,Notocactus ,roseoluteus ,,mar'21,5,252,2,2,,
S,M5c1sur ,,Lapidaria ,margaretae ,,feb'21,39,252,2,1,,
C,M5c1sur ,,Argyroderma ,,,oct'20,15,252,2,1,,
C,M5c1sur ,,Cereus,uruguayense,,nov'20,27,252,2,311,,
C,M5c1sur ,,Mammillaria ,boli,,nov'19,8,30,2,35,,
C,M5c1sur ,,Oreocereus ,celsianus ,,nov'20,1,84,2,38,,
C,M5c1sur ,,Mix,"mammillarias, lobivia dobeana, gy mesopotamicum, ",,,5.5,84,2,35,,
C,M5c1sur ,,Mammillaria ,gracilis ,,gajo,2,84,2,35,,
C,M5c1sur ,003-70,Mammillaria,candida ,,oct'20,0.5,84,2,38,,
C,M5c1sur ,,Trichocereus ,pseudocandicans ,flor rosado oscuro,oct'20,3,84,2,38,,
C,M5c1sur ,,Trichocereus ,telegonoides,,,0.8,84,2,38,,
C,M5c1sur ,num5,Mammillaria ,mystax,,oct'20,1.5,84,2,38,,
C,M5c1sur ,,Echinopsis ,hakujo,de semilla se ve como eiryesi ,oct'20,1,84,2,38,,
C,M5c1sur ,,Notocactus ,schlosseri ,,mar'21,3.5,84,2,1,,
C,M5c1sur ,,Notocactus ,schlosseri ,,mar'21,2,252,2,2,,
C,M5c1sur ,,Mammillaria ,bocasana ,,mar'21,8,84,2,35,,
C,M5c1sur ,,Echinopsis ,subdenudata ,,oct'20,6.5,84,2,38,,
C,M5c1sur ,,Matucana ,matoense ,,gajo,1,84,2,35,,
C,M5c1sur ,,Lophophora ,,,gajo,4.4,84,2,1,,
C,M5c1sur,,Echinocereus ,pentalophus ,,,0.3,84,2,38,,
S,M4c4norte,,Aloe,thraski,follaje amarilla de hojas largas ,nov'22,7,180,2,35,,
S,M4c4norte,,Sempervivum ,arachnoidea,,gajo,1,50,2,35,,
S,M4c4norte,,Bromelia ,,,dic'21,8,180,2,1,,
S,M4c4norte,,Gasteria,,,dic'21,12,180,2,1,,
S,M4c4norte,,Sempervivum ,calc치reo ,,gajo,0.5,180,2,35,,
S,M4c4norte,,Lithops ,,marr칩n -rojiso,,2.2,180,2,1,,
S,M4c4norte,,Rabiea,albipuncta,,,1,180,2,1,,
S,M4c4norte,,Faucaria,,,dic'22,16,180,2,35,,
C,M4c4norte,,Rebutia,sunrise,,gajo,12,180,2,1,,
C,M4c4norte,,Matucana,polzii,,gajo,10,180,2,1,,
C,M4c4norte,,Astrophytum ,capricorne ,,,2,84,2,35,,
C,M4c4norte,,Melocactus ,parece neryii,,,1.5,84,2,38,,
C,M4c4norte,,Gymnocalycium ,andreae,,oct'20,4.1,84,2,1,,
C,M4c4norte,,Gymnocalycium ,baldianum ,,jul'21,1.3,84,2,35,,
C,M4c4norte ,,Gymnocalycium ,baldianum ,,jul'22,2.5,252,2,2,,
C,M4c4norte,,Trichocereus ,bridgesii ,,,1,252,2,38,,
C,M4c4norte,,Mammillaria ,sp Miguel ,,mar'21,2.2,252,2,1,,
C,M4c4norte,,Notocactus ,uebelmanianus ,,oct'20,6.2,252,2,35,,
C,M4c4norte,,Trichocereus ,pasacana,,oct'20,1.6,84,2,engorde ,,
C,M4c4norte,,Lobivia ,dobeana,,feb'21,0.9,84,2,35,,
C,M4c4norte,,Melocactus ,num1,maxonii?,oct'20,0.2,84,2,38,,
C,M4c4norte,,Thelocephala ,sp,parece esmeraldana ,oct'20,0.8,84,2,38,,
C,M4c4norte,,Mammillaria ,marksiana,,nov'20,2,84,2,38,,
C,M4c4norte,,Mammillaria ,rhodantha etc ,,oct'20 ,2,84,2,311,,
C,M4c4norte,,Thelocephala ,llanensis,,oct'20,2,84,2,1,,
C,M4c4norte,,Mammillaria ,parecida a bocasana ,,,0.5,84,2,38,,
C,M4c4norte,,Echinolobivia ,,,oct'20,1.6,84,2,38,,
C,M4c4norte,,Mammillaria ,rhodantha ,,oct'20,1,84,2,35,,
C,M4c4norte,,Trichocereus ,Miguel,,oct'20,3.5,252,2,38,,
C,M4c4norte,,Trichocereus ,num5 chile,,oct'20,0.4,84,2,engorde ,,
C,M4c4norte,,Notocactus ,,parecido a muegelianus ,,3.5,84,2,311,,
C,M4c4norte,,Lobivia,kuenrichii ,,oct'20,4,84,2,35,,
C,M4c4norte,,Gymnocalycium ,mihanovichi ,,oct'20,6,84,2,38,,
C,M4c4norte,,Notocactus ,magnifico ,,oct'20,1.8,252,2,35,,
C,M4c4norte,,Notocactus ,haselbergii ,flor roja,oct'20,3,84,2,35,,
C,M4c4norte,,Gymnocalycium ,saglione ,,oct'20,9,252,2,35,,
C,M4c4norte,,Ferocactus ,latispinus ,,oct'20 ,1.5,84,2,38,,
C,M4c4norte,,Mammillaria ,boli,,oct'20 ,1.2,252,2,35,,
C,M4c4norte,,Cereus,forbesii,,oct'20,0.7,252,2,311,,
C,M4c4norte,,Cereus ,aethiops ,,oct'20 ,0.5,252,2,engorde,,
C,M4c4norte,,Echinolobivia ,,cartel dice cactus/Sucu varias,feb'20,8,84,2,35,,
C,M4c4norte,,Mammillaria ,colombiana ,,oct'20,0.35,84,2,35,,
C,M4c4norte,004-17,Gymnocalycium ,andreae?,,nov'21,1,252,2,1,,
C,M4c4norte,,Gymnocalycium ,monvillei ,,oct'20,1,84,2,1,,
C,M4c4norte,,Echinocereus ,pectinatus,,nov'21,16,176.4,2,1,,
C,M4c4norte,,Lobivia ,ferox,,oct'20 ,2,77,2,38,,
C,M4c4norte,,Mammillaria ,elongata ,,nov'21,8.5,84,2,35,,
C,M4c4norte,,Gymnocalycium ,schiquendantzii ,,may'19,1.7,84,2,1,,
C,M4c4norte,,Lobivia,formosa,,nov'19,3.5,84,2,38,,
C,M4c4norte,027-2,Coryphantha ,cornifera,,oct'20,3,84,2,1,,
C,M4c4norte,,Denmoza,rodacantha,cartel dice lobivia formosa,oct'20,1.3,84,2,35,,
C,M4c4norte,,Mix,mammillaria echinopsis lobivia ,,,3,10,2,311,,
C,M4c4norte,002-29,Notocactus ,horstii ,,oct'20,0.4,252,2,35,,
,M4c4norte ,,Notocactus ,horstii,,oct'20 ,3.3,84,2,38,,
C,M4c4norte,,Echinocereus ,nivosus,,nov'21,14.5,252,2,1,,
C,M4c4norte,,Ferocactus ,latispinus,,ene'21,1,252,2,35,,
C,M4c4norte,,Ferocactus ,latispinus ,,ene'21,0.8,84,2,38,,
C,M4c4norte,002-15,Notocactus ,claviceps ,,oct'20,1,200,2,38,,
C,M4c4norte,,Mammillaria ,backebergeana ,,mar'21,3.3,77,2,38,,
C,M4c4norte,,Notocactus ,parecido a leninghausii ,,nov'19,1.3,84,2,1,est치 feo,
C,M4c4norte,002-10,Notocactus ,,el cartel dice f salmon. veo amarillas,oct'20,0.7,84,2,35,,
C,M4c4norte,,Mammillaria ,apozolensis?,,,0.4,84,2,38,,
C,M4c4norte,,Gymnocalycium ,bruchii,,mar'21,1,252,2,1,,
C,M4c4norte,,Trichocereus ,num3,flor fucsia,oct'20,1.8,84,2,38,,
C,M4c4norte,001-34,Lobivia,aurea,,oct'20,0.7,84,2,38,,
C,M4c4norte,004-17,Gymnocalycium ,baldianum?,,nov'21,9.3,252,2,1,,
C,M4c4norte,,Neoporteria ,chile,,oct'20,1.3,84,2,1,,
C,M4c4norte,,Trichocereus ,pachanoi,glauco,oct'20,1.2,84,2,311,,
C,M4c4norte,,Trichocereus ,pachanoi,glauco,oct'20,1,252,2,engorde,,
C,M4c4norte,,Matucana,khranii ,,oct'20,0.5,252,2,35,,
C,M4c4norte,,Gymnocalycium ,monvillei,,,0.3,84,2,35,,
C,M4c4norte,,Trichocereus ,spacianus?,,,0.3,126,2,38,,
C,M4c4norte,,Mix,"Matucana ritteri, echinocereus fendleri, Mammillaria matudae etc etc",,,1,84,2,35,,
C,M4c4norte,,Echinofossulocactus ,multicostatus ,,feb'21,1,84,2,35,,
C,M4c4norte ,,Echinofossulocactus ,multicostatus mix con octogono ,,feb'21,2,252,2,2,,
C,M4c4norte ,,Trichocereus ,hib num11,,oct'20,0.3,252,2,engorde,,
C,M4c4norte,,Trichocereus ,num3?,,oct'20,1,120,2,1,,
C,M4c4norte,,Trichocereus ,num3,,oct'20,0.4,252,2,engorde ,,
C,M4c4norte,num8,Mammillaria ,mammillaris ,,ene'21,2,84,2,38,,
C,M4c4norte,num8,Mammillaria ,mammillaris ,,ene'21,1,252,2,35,,
C,M4c4norte,,Matucana,madisoniorum ,,nov'19,1,84,2,35,,
C,M4c4norte,,Matucana,ritteri ,,nov'19,1,84,2,35,,
C,M4c4norte,,Notocactus ,schlosseri ,,oct'20,3,84,2,35,,
C,M4c4norte,,Mix,mammillaria Gymnocalycium trichocereus lobivias ,,,7,84,2,38,,
S,M4c4norte,,Lapidaria ,margaretae ,,ene'22,10,252,2,1,,
C,M4c4norte,,Mammillaria ,num16,mix algunas son guinsa maru,mar'21,3,252,2,35,,
C,M4c3norte,049-1,,,mix entre lobivia Formosa y denmoza rodacantha ,dic'21,70,126,2,1,hay muertas,
C,M4c3norte,,Mammillaria ,num16,mix algunas son guinsa maru,mar'21,1,252,2,35,,
C,M4c3norte,,Mammillaria ,num16,,mar'21,1,84,2,38,,
C,M4c3norte,,Mammillaria ,num1,mix backebergeana y spinosissima ,mar'21,2,252,2,35,,
C,M4c3norte,022-25,Trichocereus ,,tipo vatteri o andalgalensis ,dic'21,39,84,2,1,,
C,M4c3norte,022-5,Trichocereus ,,tipo vatteri o andalgalensis ,dic'21,8,252,2,1,,
C,M4c3norte,002-27,Notocactus ,roseoluteus ,,dic'21,8,84,2,1,,
C,M4c3norte,003-90,Mammillaria ,hahniana?,,dic'21,10,252,2,1,,
C,M4c3norte,001-6,Lobivia,,se ve floraci칩n roja. fma globosa,nov'21,10,252,2,1,,
C,M4c3norte,003-19,Mammillaria ,nivosa,,dic'21,43,252,2,1,,
C,M4c3norte,017-2,Matucana,khranii ,,dic'21,8,252,2,1,,
C,M4c3norte,003-70,Mammillaria ,candida ,,dic'21,14,252,2,1,,
C,M4c3norte,030-2,Melocactus ,,,nov'21,4,252,2,1,,
C,M4c3norte,027-4,Coryphantha ,,,nov'21,5,252,2,1,,
C,M4c3norte,003-86,Mammillaria ,marksiana ,,nov'21,0.7,252,2,1,,
C,M4c3norte,,Lophophora ,,,,1,144,2,1,,
C,M4c3norte,,Mix,"lobivia, eriosyce, astrophytum ",,nov'21,7.5,252,2,1,,
C,M4c3norte,043-x4,Frailea,,peque침a esp rojas,nov'21,1,22,2,1,,
C,M4c3norte,043-x4,Frailea,,peque침a esp amarillas,nov'21,0.6,252,2,1,,
C,M4c3norte,,Haageocereus ,,,dic'21,168,84,2,35,,
C,M4c3norte,,Thelocactus ,setispinus ,,nov'21,16,84,2,35,,
C,M4c3norte,,Pilosocereus ,pentaedrophorus ,,nov'21,38,252,2,35,recordar q se plantan 3 x maceta,
S,M4c3sur,,Lithops,terricolor,,ene'21,59,252,2,1,,
S,M4c3sur,,Lithops,verde,,dic'21,15,252,2,1,,
S,M4c4sur,,Lithops,,,dic'22,198,300,1,1,,
S,M4c4sur,,Lithops,,,dic'21,100,1000,1,1,,
S,T5c1,1016-00?,,Vilmoriniana,mando Manuel,nov'22,9,300,1,38,o plantado para engorde. hay tama침o ,
S,T5c1,1015-5,Aloe,,parece aculeata,nov'22,2.5,200,1,38,,
S,T5c1,1015-5,Aloe,,parece aculeata,nov'22,9,15,1,38,,
S,T5c1,1015-6,Gasteria,,"mix de bicolor, verde y variegadas",nov'22,2,200,1,35,,
S,T5c1,1015-9,Aloe,,parece microstigma hibridado,nov'22,2,300,1,38,,
S,T5c1,,Muhlenbergia ,capillaris,,oct'23,4,300,1,2,,
C,T5c1,031-2,Opuntia ,robusta,,oct'23,2,100,1,1,,
S,T5c1,1027-3,Pleiospilos ,royal,,dic'22,6,150,1,2,,
S,T5c1,,Aloinopsis ,mahlerbei ,,dic'22,12,252,1,38,,
S,T5c1,1043-5,Anacampseros ,mini(filamentos?),,dic'22,10,1000,1,2,plantar x 3pl,
S,T5c1,1043-2,Anacampseros ,retusa,,dic'22,10,100,1,35,,
S,T5c1,1039-1,Juttadinteria ,kovismontana ,,dic'22,2,25,1,1,,
S,T5c1,1043-00?,Anacampseros ,rufescens,,dic'22,15,1000,1,2,,
S,T5c1,1020-1,Argyroderma ,,,dic'22,1,1000,1,2,,
S,T5c1,1021-00?,Bergeranthus,,,dic'22,1,50,1,38,,
S,T5c1,1068-00?,Bromelia ,,follaje gris,dic'22,2,1000,1,2,,
S,T5c1,1003-3,,,,dic'22,4,50,1,38,,
S,T5c1,1027-2,Pleiospilos ,nelii,,dic'22,7,300,1,2,,
S,T5c1,,Pleiospilos ,royal,20% verde (nelii),set'23,13,1000,1,1,,
S,T5c1,,Pleiospilos,nelii,,set'23,43,1000,1,1,,
S,T5c1,1036-00?,Fenestraria ,,,dic'22,7,1000,1,2,,
S,T5c1,,ver planilla con la siembra ,,,ago'23,24,,,,,
S,T5c2,,ver planilla con la siembra ,,,ago'23,280,,,,,
S,T4c1,,Frithia,,,mar'23,14,20,1,1,,
S,T4c1,,Fenestraria ,,,feb'23,5,1000,1,2,,
S,T4c1,1041-1,Gibbaeum?,,,feb'23,7,1000,1,2,,
S,T4c1,1040-2,Schwatesia ,borcherdsii ,,feb'23,20,500,1,2,,
S,T4c1,,Lapidaria ,margaretae,,dic'22,2,1000,1,2,,
S,T4c1,,Dasylirium,,,mar'23,1,200,1,2,,
S,T4c1,1040-1,schwatesia ,loeschiana ,,feb'23,9,500,1,2,,
S,T4c1,,Aloinopsis ,rubrolineata ,,feb'23,6,1000,1,2,,
S,T4c1,,Aloinopsis ,mahlerbei ,,feb'23,2,200,1,38,,
S,T4c1,,Titanopsis ,hugo-schlechteri ,,feb'23,2,1000,1,2,,
S,T4c1,,Titanopsis,fulleri,,feb'23,1,800,1,2,,
S,T4c1,,Titanopsis ,primosii,,feb'23,1,150,1,2,,
S,T4c1,,Titanopsis ,calcarea,,feb'23,37,1000,1,2,,
S,T4c1,,Titanopsis ,subintegra,,feb'23,1.5,800,1,2,,
S,T4c1,,Aloinopsis ,schoonesii,,feb'23,1,300,1,2,,
S,T4c1,,Aloe,broomi,,feb'23,1,30,1,engorde,,
S,T4c1,,Fenestraria ,,,dic'22,3,1000,1,2,,
S,T4c1,1003-117,Stapelia,,,dic'22,7,20,1,311,,
S,T4c1,,Lithops,,,dic'22,15,300,1,1,,
S,T4c1,,Stapelia,mix,,ene'23,7,300,1,38,,
S,T4c1,1003-50,Stapelia,,,ene'23,7,500,1,38,,
S,T4c1,1003-47,Stapelia,,parece divaricata,ene'23,1,20,1,engorde,para mam치 . ver c칩mo florece,
S,T4c1,1003-46,Huernia ,,,ene'23,1,50,1,38,,
S,T4c1,1034-1,Rabiea,albipuncta ,,dic'22,6,300,1,35,,
S,T4c2,1045-4 no se entiende ,,,tipo gibbaeum ,ene'23,1,200,1,1,,
S,T4c2,,Agave ,polycantha x manfreda,,mar'23,1,20,1,2,,
S,T4c2,1043-1,Rabiea,albipuncta ,,dic'22,24,500,1,2,,
S,T4c2,1025-24,Lithops ,,verde-gris,feb'23,1,200,1,1,,
S,T4c2,1040-1,Schwatesia ,loeschiana ,,dic'22,1,500,1,2,,
S,T4c2,1040-2,Schwatesia ,borcherdsii ,,dic'22,1,500,1,2,,
S,T4c2,1024-1,lapidaria ,,,feb'23,6,800,1,2,,
S,T4c2,,Agave,ovatifolia,,feb'23,2.5,500,1,2,urge,
S,T4c2,,pleiospilos,nelii,,dic'22,6,200,1,2,se ha sacado para plantado en R5D ,
S,T4c2,1038-1,Nananthus,wilmaniae,,mar'23,2,1000,,,,
S,T4c2,1032-4,Aloinopsis ,rubrolineata,,dic'22,6,800,1,2,,
S,T4c2,1024-1,Lapidaria,,,dic'22,7,800,1,2,,
S,T4c2,,pleiospilos ,royal flush,,dic'22,1,30,1,1,,
S,T4c2,,Marginatocereus ,marginatus,,ene'23,23,500,1,1,,
S,T4c2,,Agave ,vilmoriniana ,,feb'23,3,300,1,2,,
S,T4c2,1003-49,Stapelia,,,ene'23,1,30,1,mama,,
S,T4c2,,Huernia,hib europea,,ene'23,1,30,1,mama,,
S,T4c2,1003-3,Duvalia?,,,ene'23,1,30,1,mama,,
S,T4c2,,Aloe,africana kein,feo,feb'23,1,100,1,3L,o tirar ,
S,T4c2,,Aloe,hib,,feb'23,2,30,1,38,,
C,T4c2,,Trichocereus ,hibridos Rovati ,,ene'23,1,100,1,2,,
S,T4c2,1033-1,Cheroclamys,,,ene'23,1,50,1,2,,
S,T4c2,,Lithops ,,,dic'22,22,60,1,1,,
S,T4c2,,Titanopsis ,calcarea,,dic'22,8,80,1,38,,
S,T4c2,,Frithia,,,ene'23,1,50,1,2,,
C,M4c2norte,,Astrophytum ,capricorne ,,dic'21,24,252,2,1,,
C,M4c2norte,,Ferocactus ,latispinus ,,dic'21,7,252,2,1,,
C,M4c2norte,,Echinofossulocactus ,multicostatus ,,dic'21,12,252,2,1,,
C,M4c2norte,,Echinocactus ,grusonii,,dic'21,38,252,2,1,,
C,M4c2norte,,Echinocactus ,grusonii,,dic'21,4,70,2,35,,
C,M4c2norte,,Lobivia,ferox,,dic'21,6.5,84,2,38,,
C,M4c2norte,,Gymnocalycium ,ragonesei ,,dic'21,1.3,252,2,2,,
C,M4c2norte,,Monvillea ,Spegazzinii ,,,2,252,2,311,recordar q se planta de a 5 pl,
C,M4c2norte,,Stetsonia,coryne,,,0.5,84,2,38,,
C,M4c2norte,,Cleistocactus ,smaragdiflorus?,,,1.5,252,2,311,recordar que se plata de a 3pl,
C,M4c2norte,,Cereus ,aethiops,,,0.5,252,2,38,recordar que se plata de a 3pl,
C,M4c2norte,,Mix,"scopa, eriosyce, lobivia arachnacantha, parodia ",,,9.5,84,2,35,,
C,M4c2norte,,Notocactus ,scopa,,dic'20,0.3,252,2,2,,
C,M4c2norte,,Mammillaria,muehlenpfordtii ,,dic'20,27.8,84,2,38,,
C,M4c2norte,,Notocactus ,leninghausii ,,dic'21,27.5,84,2,35,,
C,M4c2norte,,Astrophytum ,asterias,,ene'19,0.8,84,2,38,,
C,M4c2norte,,Lophophora ,,,mar'21,2,252,2,2,,
C,M4c2norte,,Frailea,schilinkzyana ,,mar'21,5.5,84,2,1,,
C,M4c2norte,,Gymnocalycium ,baldianum ,,,1,84,2,35,,
C,M4c2norte,,Copiapoa o eriosyce ,,cartel dice eriosyce durispina pero es un mix,mar'21,6,84,2,1,,
C,M4c2norte,,Melocactus ,trujilloensis ,mix con otro,nov'20,0.8,84,2,38,,
C,M4c2norte,,Mammillaria ,densispina,,nov'19,7,84,2,35,,
C,M4c2norte,,Notocactus ,magnifico ,,nov'19,3.5,84,2,35,,
C,M4c2norte,,Mammillaria ,guelzowiana ,,nov'19,2,84,2,35,,
C,M4c2norte,,Notocactus ,scopa albino,,nov'19,3.5,84,2,35,,
C,M4c2norte,,Coryphantha ,runyoni,,dic'18,0.3,84,2,38,,
C,M4c2norte,,Gymnocalycium ,mix,"schiquendantzii, baldianum y striglianum ",may'19,7,84,2,35,,
C,M4c2norte,,Denmoza,,,,1,84,2,1,,
C,M4c2norte,,Lobivia ,arachnacantha ,,,2.5,84,2,1,,
C,M4c2norte,,Pilosocereus ,pentaedrophorus ,,dic'21,12,252,2,35,se planta x 3pl,
C,M4c2norte,,Mammillaria ,droegeana ,,dic'21,6,84,2,35,,
C,M4c2norte,,Copiapoa o eriosyce ,,,feb'21,1,84,2,1,,
C,M4c2norte,,Copiapoa o eriosyce ,,,feb'21,5.5,252,2,1,,
C,M4c2norte,,hildewinteria ,hib,,feb'21,2,84,2,311,tiene brotes,
C,M4c2norte,017-1,Matucana ,aurantiaca/multicolor ,,feb'21,29,84,2,35,,
C,M4c2norte,,Lobivia,dobeana,,feb'21,3,84,2,35,,
C,M4c2norte,,Haageocereus ,,,feb'21,5,84,2,35,,
C,M4c2norte,,Haageocereus ,,,feb'21,0.5,252,2,1,,
C,M4c2norte,007-x6,Parodia,maassii ,,dic'21,1,300,1,2,,
C,M4c2norte,,Notocactus ,haselbergii ,,dic'21,1,1000,1,2,,
C,M4c2norte,,Notocactus ,scopa,,dic'21,2,1000,1,2,,
C,M4c2norte,,Mammillaria ,mammillaris ,,nov'19,1,84,2,35,,
C,M4c2norte,,Matucana,madisoniorum ,,,1,84,2,35,,
C,M4c2norte,,Parodia ,maassii ,,,1.5,252,2,1,,
C,M4c2norte,,Echinocereus ,viereckii v morricalli ,,,0.7,84,2,38,,
C,M4c2norte,,Copiapoa o eriosyce ,,,oct'20,0.5,84,2,35,,
S,M4c1norte,,Mix,echeverias etc etc,,gajo,7,84,2,311,,
S,M4c1norte,,Duvalia,parviflora ,,gajo,0.5,84,2,38,,
S,M4c1norte,,Crassula ,campfire,,hoja,0.3,180,2,35,x3pl,
S,M4c1norte,,Grapto?,,,hoja,0.9,180,2,1,,
S,M4c1norte,,Adromischus ,cristatus v clavifolius ,,hoja,0.8,84,2,35,,
S,M4c1norte,,Sempervivum ,para violeta ,,gajo,1,84,2,35,,
S,M4c1norte,,Pleiospilos ,royal flush,,feb'22,36,84,2,35,,
S,M4c1norte,,Albuca,spiralis,,,3.5,128,2,38,,
S,M4c1norte,,Albuca,spiralis,,,16,72,2,38,,
S,M4c1norte,,Aloe,variegata,,ene'22,14,180,2,35,le falta muy poco en tama침o para plantado,
S,M4c1norte,,Faucaria ,tigrina,,dic'22,11,180,2,35,,
S,M4c1norte,,Sempervivum ,calcareum,,gajo,1.5,180,2,35,,
S,M4c1norte,,Sempervivum ,bronce,,gajo,1,180,2,35,,
S,M4c1norte,,Aloe,clavifolia,,,0.5,180,2,1,,
C,M4c1norte,,Trichocereus ,mix candicans y un sp ,,,1,84,2,engorde,,
C,M4c1norte,,Copiapoa o eriosyce ,,,oct'20,8.7,84,2,35,,
C,M4c1norte,,Frailea,schilinzkyana ,,oct'20,1,252,2,2,,
C,M4c1norte,,Notocactus ,mammulosus ,,,2.5,84,2,35,,
C,M4c1norte,,Melocactus,neryii,,nov'19,10,84,2,38,,
C,M4c1norte,,Mammillaria ,backebergeana ,,,0.6,84,2,38,,
C,M4c1norte,,Mix,"mammillaria elongata, m rhodantha etc",,,1.5,30,2,311,,
C,M4c1norte,,Mix,"mammillaria elongata, m rhodantha etc",,,0.3,84,2,38,,
C,M4c1norte,,Ferocactus ,,parece gracilis,,1,84,2,engorde,,
C,M4c1norte,,Copiapoa o eriosyce ,,coquimbana?,,3.3,84,2,38,,
C,M4c1norte,,Copiapoa o Eriosyce ,,,,2,84,2,1,,
C,M4c1norte,,Lobivia,bruchii,,,1.6,84,2,35,,
C,M4c1norte,,Gymnocalycium ,schiquendantzii ,,,1,84,2,38,,
C,M4c1norte,,Gymnocalycium ,saglione ,,oct'20,2.5,252,2,38,no da mas,
C,M4c1norte,,Gymnocalycium ,horridispinum ,,oct'20,2.8,84,2,38,,
C,M4c1norte,,Trichocereus ,andalgalensis?,,oct'20,0.5,252,2,35,,
C,M4c1norte,,Mammillaria ,backebergeana ,,,3,252,2,35,,
C,M4c1norte,,Mammillaria ,backebergeana ,,,2,84,2,38,,
C,M4c1norte,,Coryphantha ,elephanthidens,,,2.5,84,2,38,,
C,M4c1norte,,Stetsonia ,coryne ,,oct'20,1,84,2,311,,
C,M4c1norte,,Mammillaria ,glasii ,,oct'20,2,84,2,38,,
C,M4c1norte,num 30,Mammillaria ,sp,,oct'20,3,30,2,engorde,,
C,M4c1norte,,Eriosyce ,multicolor ,esp marron,oct'20,0.5,84,2,38,,
C,M4c1norte,,Lobivia ,globosa,f fucsia,oct'20,3.5,84,2,35,,
C,M4c1norte,,Gymnocalycium ,bruchii ,,,1.5,84,2,38,,
C,M4c1norte,,Echinolobivia ,,,,2,84,2,1,,
C,M4c1norte,,Mammillaria,candida,,oct'20,0.3,84,2,38,,
C,M4c1norte,,Oreocereus ,,,oct'20,3,17,2,311,,
C,M4c1norte,,Notocactus ,leninghausii ,,oct'20,1,252,2,35,,
C,M4c1norte,,Trichocereus ,andalgalensis?,,oct'20,1.5,252,2,38,,
C,M4c1norte,,Denmoza,,,oct'20,0.5,84,2,35,,
C,M4c1norte,,Eriosyce ,nidus,mix con otro eriosyce ,oct'20,4.5,252,2,2,,
C,M4c1norte,,Lobivia ,ferox,,,2.7,84,2,engorde ,,
C,M4c1norte,,echinofossulocactus ,,,oct'20,2,84,2,35,,
C,M4c1norte,,Rebutia,albiareolata,f roja,oct'20,1,84,2,38,,
C,M4c1norte,,Columnar,,sin ID mix con oreocereus ,,4,84,2,2,,
C,M4c1norte,,Lobivia ,kuenrichii ,,oct'20,2,84,2,35,,
C,M4c1norte,,Lobivia ,kuenrichii ,,oct'20,2,252,2,38,x3pl,
C,M4c1norte,,Mammillaria ,tengo del valle?,,oct'20,2,84,2,35,,
C,M4c1norte,,Mammillaria ,rhodantha ,,,2,84,2,engorde,,
C,M4c1norte,,Copiapoa ,napina durispina ?,,,2,84,2,38,,
C,M4c1norte,,Gymnocalycium ,monvillei,,,2,84,2,38,,
C,M4c1norte,,Gymnocalycium ,ferrari,,may'19,0.5,84,2,1,,
C,M4c1norte,,Copiapoa o eriosyce ,,,oct'20,6,84,2,38,,
C,M4c1norte,,Mammillaria ,yaquensis,,gajo,1,84,2,38,,
C,M4c1norte,,Mix,"asterias, n uebelmanianus, pachanoi",,,1,84,2,38,,
C,M4c1norte,,Mammillaria ,hahniana ,,dic'21,7,252,2,1,,
C,M4c1norte,,Echinofossulocactus ,,,dic'21,45,252,2,1,,
C,campo 2,,Trichocereus ,andalgalensis o vatteri,,ene'21,34,252,2,38,repique feb'22,
C,campo 2,,Trichocereus ,andalgalensis o vatteri,,ene'21,23,84,2,engorde,,
C,campo 2,001-43,Lobivia,formosa,,feb'21,48,252,2,38,bajas x hongos,
C,campo 2,,Mammillaria ,tipo compresa ,el cartel dice matucana khranii ,ene'21,11,252,2,38,,
C,campo 2,,Mammillaria ,tipo compresa ,d fucsiael cartel dice matucana khranii ,ene'21,16,84,2,engorde,repique mar'22 ,
C,campo 2,,Echinopsis,,cartel dice sin nombre,oct'20,1,84,2,311,,
C,campo 2,,Echinolobivia ,,,oct'20,1.5,84,2,311,,
C,campo 2,,Thelocactus ,setispinus ,,no'19,2,10,2,311,,
C,campo 2,,pfeiffera,,,,0.5,84,2,311,,
C,campo 3,,Albuca,,VER NOTA,,255,24,2,1,descontar el trasplante. el 50% tiene bulbos muy peque침os. ,
C,campo 3,,Mammillaria ,ernestii ,VER NOTA,mar'21,4,252,2,2,repique dic'21. demasiado apretado. plantas apretadas q parecen columnares,
C,campo 3,,Cleistocactus ,hyalacanthus ,,,7,50,2,5L-1,x 5pl,
C,campo 3,,Trichocereus ,bridgesii ,,,2,84,2,311,x3pl,
C,campo 3,,Trichocereus ,"candicans, andalgalensis etc",,nov'19,7.5,84,2,311,,
C,campo 3,,Trichocereus ,"candicans, andalgalensis etc",,nov'19,3.5,252,2,38,,
C,campo 3,,Cereus,uruguayense ,,oct'20,1.7,252,2,38,x3pl,
C,campo 3,,Lobivia ,ferox,,,1,40,2,38,,
C,campo 3,,Echinopsis ,leucantha o rodotricha,,oct'20,2.7,77,2,38,,
C,campo 3,,Hildewinteria ,mix,,,50,84,2,5L-1,,
C,campo 3,003-84,Mammillaria ,apozolensis ,,oct'20,3.5,30,2,311,repique set'21,
C,campo 3,,Trichocereus ,huascha,,nov'19,1,40,2,311,,
C,campo 3,,Cereus,uruguayense ,,,0.7,252,2,5L-1,,
C,campo 3,,Trichocereus ,pachanoi,,oct'20 ,24,84,2,38,4pl crestadas,
C,campo 3,,Lobivia,silvestrii ,,gajo,1,84,2,311,,
C,campo 3,,Mammillaria ,bombycina,,,1,6,2,311,,
C,campo 3,,Cleistocactus ,smaragdiflorus?,,,2.5,252,2,5L-1,,
C,campo 3,,Oreocereus ,doelzianus,,,1,10,2,engorde,,
C,campo 3,,Stetsonia ,coryne ,,,1,12,2,engorde,,
C,campo 3,,Cleistocactus ,strausii,,,48,10,2,5L-2,,
C,campo 3,020-4,Cleistocactus ,baumanii ,,dic'21,7,1000,1,2,vale la pena repicar??,
C,campo 3,,kalanchoe ,thyrsiflora,,,70,84,2,gajear,etapa feo para plantar,
C,T칰nel A/B,,Sempervivum ,,,gajo,55,84,2,311,,
C,Somb C,,Sempervivum ,,,gajo,19,84,2,38,,
C,T칰nel A/B,,Sempervivum ,,,gajo,80,84,2,38,,
C,Somb 1 madres,,Sempervivum ,,,gajo,9,30,2,311,,
C,T칰nel 2 c2,,,,,,,,,,,
C,M3c3norte,,Copiapoa o Eriosyce ,,,,1,252,2,1,,
C,M3c3norte,,Denmoza,,,nov'19,5,84,2,1,,
C,M3c3norte,,Frailea,sp holanda,,,1,168,2,1,,
C,M3c3norte,,Mix,echinopsis ferocactus ,,,1,10,2,315,,
C,M3c3norte,,Lobivia ,formosa,,,1,84,2,35,,
C,M3c3norte,,Echinofossulocactus ,octogono ,,may'18,1.2,84,2,35,,
C,M3c3norte,,Mix,ferocactus lob formosa,,,1,20,2,311,,
C,M3c3norte,,Pyrrocactus ,marayense ,,jun'19,2,50,2,1,,
C,M3c3norte,,Pyrrocactus ,meglioli,,jun'19,1,22,2,1,,
C,M3c3norte,,Eriosyce ,multicolor ,esp marron,,1,30,2,35,,
C,M3c3norte,,haageocereus ,,,,0.5,84,2,38,,
C,M3c3norte,,Notocactus ,parecido a leninghausii ,,,4.5,84,2,35,,
C,M3c3norte,,Eriosyce ,esmeraldana,y un mix de copiapoas o eriosyce ,may'19,17,252,2,1,,
C,M3c3norte,,Parodia,penicillata ,,,0.5,84,2,1,,
C,M3c3norte,,Mammillaria ,pringlei,,,0.5,84,2,35,,
C,M3c3norte,,Echinocactus ,platyacanthus,,may'19,1,8,2,38,,
C,M3c3norte,004-x17,Gymnocalycium ,ferrari?,,nov'21,1,37,1,2,,
C,M3c3norte,,Trichocereus ,hibridos,Rovati ,nov'21,1,200,1,2,urge repique ,
C,M3c3norte,,Trichocereus ,candicans,,nov'19,1.5,84,2,38,,
C,M3c3norte,,Melocactus,bahiensis ,,may'19,1,84,2,38,,
C,M3c3norte,,Parodia ,esp blancas trajimos del norte,,,0.3,84,2,1,,
C,M3c3norte,,Echinocereus ,pentalophus ,,,1,84,2,38,,
C,M3c3norte,,Matucana ,madisoniorum ,,,0.3,84,2,35,,
C,M3c3norte,,Parodia,crysacanthion ,,,0.5,84,2,1,R-may'19. R-dic'20,
C,M3c3norte,,Mix,mammillarias  y lobivias,,,11.6,84,2,35,,
C,M3c3norte,,Lobivia,ferox,,nov'19,2,84,2,1,,
C,M3c3norte,,Notocactus ,ottonis ,,,1,252,2,2,,
C,M3c3norte,,Mammillaria ,backebergeana ,,oct'20,1.5,84,2,38,,
C,M3c3norte,,Myrtillocactus ,geometrizans,,,8,128,2,35,,
C,M3c3norte,,Mammillaria ,sheldonii,,,1,84,2,35,R-jun'22,
C,M3c3norte,,Mammillaria ,apozolensis ,,,1,84,2,38,,
C,M3c3norte,,hamatocacthus ,,,may'19,0.5,84,2,38,,
C,M3c3norte,,Notocactus ,roseoluteus ,,may'19,0.5,84,2,38,,
C,M3c3norte,,Mammillaria ,guinsa maru,,mar'21,4,84,2,38,,
C,M3c3norte,,Mammillaria ,backebergeana ,,mar'21,3,252,2,35,,
C,M3c3norte,,Gymnocalycium ,mihanovichi ,hay un variegado ,,0.8,84,2,35,,
C,M3c3norte,,Echinopsis ,subdenudata ,,mar'21,0.8,84,2,38,,
C,M3c3norte,030-7,Melocactus ,,,nov'20,5,84,2,38,,
C,M3c3norte,,Melocactus ,azureus,,nov'20,1.3,84,2,1,,
C,M3c3norte,,Pilosocereus ,braunii ,,nov'20,2,84,2,38,,
C,M3c3norte,,Pilosocereus ,azureus mix con un piloso sp,,nov'20,9,84,2,38,,
C,M3c3norte,,Browningia ,,,nov'20,1.6,84,2,38,,
C,M3c3norte,,Polaskia,chichipe ,,nov'20,2,84,2,38,,
C,M3c3norte,,Gymnanthocereus,,,nov'20,3,84,2,38,,
C,M3c3norte,,Cereus,forbesii ,,dic'21,35,252,2,1,se planta x 3pl,
C,M3c3norte,,Mammillaria ,elongata,,dic'21,7,84,2,35,,
C,M3c3norte,,Notocactus ,warasi,,mar'21,6.5,252,2,35,,
C,M3c3norte,,Mammillaria ,toluca,,dic'21,16,252,2,1,,
C,M3c3norte,,Trichocereus ,parece un pachanoi espinas ,,nov'21,18,84,2,38,,
C,M3c3norte,,Trichocereus ,parece un pachanoi espinas ,,nov'21,1,252,2,35,,
C,M3c3norte,,Cleistocactus ,senilis,,nov'21,3,84,2,311,o ya casi dejar para 5Litros,
C,M3c3norte,,Cleistocactus ,senilis,,nov'21,2,252,2,38,,
C,M3c3norte,,Haageocereus ,esp blanca ,,nov'21,1.5,252,2,38,,
C,M3c3norte,,Pilosocereus ,sp,,nov'21,58,30,2,1,,
C,M3c3norte,,Pilosocereus ,sp,hemos plantado en las R8G,nov'21,9,252,2,35,,
C,M3c3norte,,Pilosocereus ,glaucescens?,,nov'21,6.2,84,2,311,varios da para dejar para una 5litros,
C,M3c3norte,,Mammillaria ,guinsa maru,,nov'20,6,84,2,38,,
C,M3c3norte,,Haageocereus ,,esp cobre,nov'21,3.5,84,2,38,,
C,M3c3norte,,Haageocereus ,,esp amarilla ,nov'21,2,84,2,38,,
C,M3c3norte,,Melocactus ,neryi,,nov'21,2,84,2,38,,
S,M3c4norte,,Lithops,,,ene'22,229,126,2,35,,
S,M3c4norte,,Lithops ,,,ene'22,15,30,2,35,,
S,M3c4norte,,Pleiospilos ,royal flush,,feb'22,10,84,2,38,,
S,M3c4norte,,Mix,suculentas ,,gajo,10,50,2,311,,
C,M3c4norte,,Mammillaria ,nivosa,,mar'21,6,252,2,1,,
C,M3c4norte,,Mammillaria ,toluca,,mar'21,2,252,2,1,,
C,M3c4norte,030-3,Melocactus ,,,dic'21,56,252,2,1,,
C,M3c4norte,030-3,Melocactus ,,,dic'21,7,84,2,35,,
C,M3c4norte,,Thelocactus ,setispinus ,,dic'21,13,252,2,2,,
C,M3c4norte,,Thelocactus ,setispinus ,,dic'21,4,84,2,35,,
C,M3c4norte,,Mammillaria,schwarzii ,,mar'21,3,252,2,1,,
C,M3c4norte,,Mix,haageocereus copiapoa notocactus lobivia ,,mar'21,4,84,2,1,,
S,M3c4norte,,Lapidaria ,margaretae,,dic'21,1,200,1,2,,
C,M3c3sur,,Lithops,,descont칠 18 x bajas,dic'21,278,252,2,1,cosecha de semilla en dic'20. repique en oct'23,
C,M3c4sur,,Echinocactus ,grusonii ,,dic'21,4,20,2,2,repicar para reducir cantidad de cajones. se repico 1er vez en nov'22,
C,M3c4sur,010-1,Ferocactus ,,wislizenii?,dic'21,11,84,2,38,,
C,M3c4sur,,Cleistocactus ,hyalacanthus ,,dic'21,12,252,2,35,,
C,M3c4sur,,Cleistocactus ,hyalacanthus ,,dic'21,46,84,2,38,x3pl,
C,M3c4sur,,Notocactus ,roseoluteus ,,dic'21,10,252,2,1,en breve volver a repicar,
C,M3c4sur,,Notocactus ,roseoluteus ,,dic'21,17,84,2,1,,
C,M3c4sur,,Echinocactus ,grusonii,,dic'21,41,252,2,1,,
C,M3c4sur,,Echinocactus ,grusonii ,,dic'21,12,84,2,35,,
C,M3c4sur,,Gymnocalycium ,bruchii,,mar'21,10,84,2,38,plantar x 3pl,
C,M3c4sur,,Gymnocalycium ,calochlorum ,,mar'21,1,84,2,1,,
C,M3c4sur,,Notocactus ,uebelmanianus ,,mar'21,2.5,84,2,35,,
C,M3c4sur,,Notocactus ,uebelmanianus ,,mar'21,4,500,1,35,urge repicar,
C,M3c4sur,,Notocactus ,haselbergii ,f esmeralda ,mar'21,5,84,2,35,plantar cuando est칠 para 38,
C,M3c4sur,,Parodia,microsperma ,,mar'21,2.5,252,2,1,,
C,M3c4sur,,Lobivia ,quiabayensis ,,gajo,2,84,2,35,,
C,M3c4sur,,Neoporteria ,esmeraldana,,mar'21,5,252,2,1,,
C,M3c4sur,num23,Mammillaria ,,globosa esp blanca,mar'21,1,252,2,1,,
C,M3c4sur,num23,Mammillaria ,,globosa esp blanca,mar'21,2.5,500,1,2,,
C,M3c4sur,,Notocactus ,schlosseri ,cartel dice copiapoa coquimbana ,mar'21,1.5,252,2,35,,
C,M3c4sur,,Gymnocalycium ,ragonesei ,,mar'21,0.8,252,2,1,,
C,M3c4sur,,Notocactus ,mammulosus ,,mar'21,1,300,1,2,,
C,M3c4sur,,Astrophytum ,asterias,,mar'21,9,500,1,2,,
C,M3c4sur,,Notocactus ,scopa,,mar'21,3.5,300,1,2,,
C,M3c4sur,,Parodia,maassii ,,mar'21,1,500,1,2,,
C,M3c4sur,,Gymnocalycium ,andreae,,mar'21,2,300,1,2,,
C,M3c4sur,,Frailea,schilinzkyana ,,mar'21,2,252,2,1,,
C,M3c4sur,,Gymnocalycium ,schiquendantzii ,,mar'21,2,252,2,1,,
C,M3c4sur,,Lobivia ,Formosa?,el cartel dice lobivia kuenrichii ,mar'21,1,500,1,2,,
C,M3c4sur,,Melocactus ,bahiensis ,,feb'21,1,300,1,2,,
C,M3c4sur,,Notocactus ,submammulosus ,,mar'21,1,300,1,2,,
C,M4c1sur ,,Melocactus ,bahiensis ,,nov'19,1,84,2,38,,
C,M4c1sur ,,Notocactus ,buiningii ,,oct'20,1,56,2,35,,
C,M4c1sur ,,Gymnocalycium ,ferrari ,,oct'20 ,1,19,2,1,,
C,M4c1sur ,,Gymnocalycium ,kieslingii ,,oct'20 ,0.7,252,2,1,,
C,M4c1sur ,,Gymnocalycium ,mihanovichi ,,oct'20 ,0.7,84,2,35,,
C,M4c1sur ,,Echinofossulocactus ,,,oct'20 ,2,84,2,35,,
C,M4c1sur ,,Gymnocalycium ,bruchii ,,,0.2,84,2,1,,
C,M4c1sur ,,Mix,"melocactus, copiapoa etc",,oct'20 ,0.6,84,2,38,,
C,M4c1sur ,,Parodia ,penicillata ,,oct'20 ,1,252,2,1,,
C,M4c1sur ,,Copiapoa o Eriosyce ,,,oct'20 ,3,84,2,35,,
C,M4c1sur ,,Lobivia ,kuenrichii ,,oct'20 ,1,252,2,1,,
C,M4c1sur ,,Gymnocalycium ,kieslingii ,,oct'20 ,1,84,2,35,,
C,M4c1sur ,num15,Gymnocalycium ,fisheri,,oct'20 ,0.4,84,2,mama?,,
C,M4c1sur ,,Glandulicactus ,uncinatus,,may'21,0.2,252,2,1,,
C,M4c1sur ,,Frailea,sp peque침a,,,1,13,2,mama?,,
C,M4c1sur ,,Notocactus ,haselbergii ,f esmeralda ,oct'20 ,0.3,84,2,35,,
C,M4c1sur ,,Notocactus ,horstii,,mar'21,1.4,84,2,38,,
C,M4c1sur ,,Notocactus ,horstii,,mar'21,1,252,2,35,,
C,M4c1sur ,,Lobivia ,arachnacantha ,,,1.5,84,2,35,,
C,M4c1sur ,,Rebutia,"albierolata, violaciflora y sp f naranja ",,oct'20 ,1.1,84,2,1,,
C,M4c1sur ,,Copiapoa o Eriosyce ,,,may'21,2.1,252,2,1,,
C,M4c1sur ,,Astrophytum ,asterias,hay superkabuto,,1,34,2,2,,
C,M4c1sur ,,Mammillaria ,densispina ,,,0.7,84,2,35,,
C,M4c1sur ,,Echinocereus ,viereckii v morricalli ,,dic'21,1,84,2,38,repique set'22,
C,M4c1sur ,,Cleistocactus ,ritteri ,,may'21,0.4,84,2,38,x3pl,
C,M4c1sur ,,Frailea,pygmaea ,,oct'20 ,2,252,2,1,,
C,M4c1sur ,,Frailea ,sp,,oct'20 ,1.3,252,2,1,,
C,M4c1sur ,,Notocactus ,roseoluteus ,,dic'21,27,84,2,35,,
C,M4c1sur ,,Notocactus ,roseoluteus ,,dic'21,2,252,2,1,,
C,M4c1sur ,030-1,Melocactus ,,,dic'21 ,94,252,2,2,,
C,M4c1sur ,030-1,Melocactus ,,,dic'21,6,84,2,35,,
C,M4c1sur ,030-2,Melocactus ,,,dic'21,58,252,2,1,,
C,M4c1sur ,030-2,Melocactus ,,,dic'21,8,84,2,1,,
C,M4c1sur ,,Thelocactus ,setispinus ,,dic'21,23,252,2,35,,
C,M4c1sur ,,Thelocactus ,setispinus,,dic'21,13,84,2,35,,
C,M4c2sur ,005-12,Astrophytum ,capricorne ,,nov'21,4,800,1,2,,
S,M4c2sur ,1032-4,Aloinopsis ,rubrolineata ,,dic'22,2.5,500,1,2,,
S,M4c2sur ,,Pleiospilos ,nelii,,dice'22,1,100,1,2,se us칩 para plantar ,
C,M4c2sur ,,Copiapoa o Eriosyce ,,,,1,84,2,38,,
C,M4c2sur ,,Astrophytum ,capricorne ,,nov'21,1,252,2,1,,
C,M4c2sur ,1045-3,Gibbaeum?,,,feb'23,1,300,1,1,ver m치s adelante el repique,
C,M4c2sur ,,Notocactus ,roseoluteus ,,mar'21,8.5,252,2,1,,
C,M4c2sur ,,Echinofossulocactus ,,,mar'21,2,252,2,1,,
S,M4c2sur ,,Lithops ,,seleccion de DIF almacigos para mama,,1,77,2,1,,
C,M4c2sur ,042-5,Ferocactus ,glaucescens ,,mar'21,4,84,2,38,,
C,M4c2sur ,,Notocactus ,horstii,,mar'21,20,84,2,35,,
C,M4c2sur ,,Parodia,maassii ,tama침os muy dispares,nov'19,6.5,84,2,35,,
C,M4c2sur ,003-82,Mammillaria ,tenago del valle?,,nov'21,2,84,2,35,,
C,M4c2sur ,,Trichocereus ,andalgalensis ,,,0.5,252,2,38,,
C,M4c2sur ,,Mammillaria ,schwarzii ,,,0.7,252,2,35,,
C,M4c2sur ,013-26,Copiapoa o Eriosyce ,,napina?,dic'21,1,252,2,1,,
C,M4c2sur ,,Notocactus ,roseoluteus ,,may'19,5.5,84,2,38,R1-dic'19. R2-dic'20,
C,M4c2sur ,,Echinocactus ,grusonii,,dic'21,4,252,2,1,R nov'22,
C,M4c2sur ,,Echinocereus ,rigidissimus v rubispinus ,,mar'21,21,30,2,38,,
C,M4c2sur ,,Echinocereus ,rigidissimus v rubispinus ,,mar'21,11,252,2,35,,
C,M4c2sur ,,Matucana,madisoniorum ,,dic'21,5,252,2,1,,
C,M4c2sur ,,Matucana ,madisoniorum ,,dic'21,2,84,2,1,,
C,M4c2sur ,,Haageocereus ,,,nov'20,2,9,2,35,,
C,M4c2sur ,,Gymnocalycium ,ragonesei ,,nov'19,3.2,252,2,1,,
C,M4c2sur ,,Echinofossulocactus ,,,,5,84,2,1,,
C,M4c2sur ,,Mammillaria ,ernestii ,,mar'21,3,252,2,1,,
C,M4c2sur ,,Parodia,penicillata ,,may'19,9,84,2,1,R1-dic'19. R2-dic'20. R3-feb'22,
C,M4c2sur ,,Coryphantha ,elephanthidens ,,dic'20,6,50,2,38,,
C,M4c2sur ,,Parodia,crysacanthion ,,nov'19,5,84,2,1,R1-dic'20. R2-feb'22,
C,plugs sucus,,,,,,,,,,,
S,M3c2norte,,Lapidaria ,margaretae,,dic'21,5,200,1,2,,
S,M3c2norte,,Schwatesia ,loeschiana ,,dic'21,1,100,1,2,,
S,M3c2norte,,Aloe,clavifolia?,,ene'22,1,100,1,2,,
S,M3c2norte,,Crassula,springtime,,gajo oct'23,8,180,2,35,algunos son gajos chicos juntar con otro,
S,M3c2norte,,Crassula,licopoidea,,gajo oct'23,9.6,180,2,35,x3pl,
S,M3c2norte,,Crassula,erasula,,gajo oct'23,0.7,180,2,35,,
S,M3c2norte,,Sedeveria,hurrybutterfield,,gajo oct'23,2.5,128,2,38,,
S,M3c2norte,,Aeonium,castelo-paivae,,gajo oct'23,2,180,2,35,x3pl,
S,M3c2norte,,Grapto,,follaje rosado,gajo oct'23,1.3,180,2,38,,
S,M3c2norte,,Cotyledon ,tomentosa ,,gajo oct'23,15,180,2,38,,
C,M3c2norte,,Puna,subterranea,,gajo oct'23,1,180,2,2,dejar crecer para una R8R,
S,M3c2norte,,Crassula,jade,,gajo oct'23,10,180,2,35,,
S,M3c2norte,,Graptopetalum,paraguayense,,gajo oct'23,5,180,2,35,,
S,M3c2norte,,Sedeveria?,,follaje gris,gajo oct'23,3,180,2,35,,
S,M3c2norte,,Echeveria,angel,,gajo oct'23,0.6,180,2,35,,
S,M3c2norte,,Crassula,herrei,,gajo oct'23,5.8,180,2,35,,
S,M3c2norte,,Crassula,ovata,,gajo oct'23,5.5,60,2,38,,
S,M3c2norte,,Crassula,campfire ,,gajo oct'23,4,180,2,35,x3pl,
S,M3c2norte,,Crassula,perforata,,gajo oct'23,4,180,2,38,x3pl,
S,M3c2norte,,Mix,sucu,,gajo oct'23,23,60,2,engordar ,,
S,M3c2norte,,Cotyledon ,tomentosa variegado,,gajo oct'23,1.7,112,2,1,le falta tama침o para la R8,
S,M3c2norte,,Grapto,cupido,,gajo oct'23,1,50,2,38,,
C,M3c2norte,,Echinolobivia ,,,mar'21,10,84,2,38,,
C,M3c2norte,,Lobivia,dobeana,,feb'21,6.5,84,2,38,,
C,M3c2norte,,Neoporteria ,islayensis ,,,5.2,84,2,1,,
C,M3c2norte,,Echinocereus ,viereckii morricalli ,,mar'21,8,84,2,38,,
C,M3c2norte,,Coryphantha ,pallida,,mar'21,4.2,252,2,1,,
C,M3c2norte,,Mammillaria,tenago del valle,,mar'21,6,60,2,38,,
C,M3c2norte,,Mix,Mammillaria trichocereus ,,mar'21,16,84,2,38,,
C,M3c2norte,,Lobivia ,bruchii?,,mar'21,1.3,84,2,35,,
C,M3c2norte,,Oreocereus ,trolli,,mar'21,9.5,84,2,1,,
C,M3c2norte,,Lobivia,ferox,,mar'21,2,84,2,38,,
C,M3c2norte,003-16,Mammillaria ,mystax,,oct'20,1.6,84,2,38,,
C,M3c2norte,,Matucana,madisoniorum ,,mar'21,4.5,84,2,38,,
C,M3c2norte,,Mammillaria ,sp,,,0.7,84,2,38,,
C,M3c2norte,,Mammillaria ,matudae,,oct'20,0.6,84,2,38,,
C,M3c2norte,,Mammillaria ,rhodantha ,,mar'21,23,84,2,38,,
C,M3c2norte,,Cleistocactus ,ritteri,,,6,84,2,311,x3pl,
C,M3c2norte,,Mammillaria ,backebergeana ,,,1,84,2,38,,
C,M3c2norte,,Mammillaria ,spinosissima ,,oct'20,3,84,2,35,,
C,M3c2norte,,Echinocereus ,rigidissimus v rubispinus ,,oct'20,1.8,84,2,1,,
C,M3c2norte,,Haageocereus ,,,oct'20,3,84,2,35,,
C,M3c2norte,,Mammillaria ,candida,,oct'20,1,84,2,38,,
C,M3c2norte,,Mammillaria ,mammillaris,,oct'20,1,84,2,35,,
C,M3c2norte,,Mammillaria ,matudae ,,oct'20,0.7,252,2,35,,
C,M3c2norte,,Astrophytum ,hibridos,,feb'22,1,300,2,injerto,,
C,M3c2norte,,Oroya?,,,feb'21,1.3,84,2,38,primero definir que es,
C,M3c2norte,,Thelocactus ,setispinus ,,,1,84,2,38,,
C,M3c2norte,,Echinocereus ,pentalophus ,,mar'21,3,84,2,38,,
S,M1c4norte,,mix,suculentas,,,39,128,2,38,,
S,M1c4norte,,mix,suculentas,,,,,,,,
S,M1c4norte,,Dudleya,gnoma,,gajo,1,64,2,1,,
S,M1c4norte,,Euphorbia,obesa,,dic'22,8,72,2,1,,
S,M1c4norte,,Crassula,ivory,,gajo,1,128,2,1,,
S,M1c4norte,,Euphorbia ,enopla,,dic'22,2.5,72,2,1,,
S,M1c4norte,,Euphorbia ,horrida,,dic'22,3,72,2,1,,
S,M1c4norte,,Fenestraria ,,,set'20,10,128,2,38,,
S,M1c4norte ,,Pleiospilos,royal flush,,set'20,20,128,2,38,,
S,M1c4norte ,,mix,sucus de hojas,,jul'23,164,180,2,1,,
C,T1c1,,Mammillaria,muehlenpfordtii ,,mar'21,3,84,2,35,,
C,T1c1,,Echinofossulocactus ,,,mar'21,26,84,2,1,,
C,T1c1,,Astrophytum ,myriostigma ,,mar'21,3,84,2,35,,
C,T1c1,,Matucana,aurantiaca ,,feb'21 ,13,84,2,35,,
C,T1c1,,Denmoza,,parece m치s lobivia Formosa q denmoza,mar'21,3,252,2,38,,
C,T1c1,,Mammillaria ,rhodantha ,,mar'21,6,252,2,38,,
C,T1c1,,Gymnocalycium ,andreae ,,mar'21,2,84,2,2,,
C,T1c1,,Haageocereus ,,,,1,252,2,35,,
C,T1c1,,Rebutia ,violaciflora ,,,0.7,252,2,1,,
C,T1c1,,Gymnocalycium ,kieslingii ,,,4,84,2,38,,
C,T1c1,,Oroya,borcherdsii ,,nov'20,1,50,1,2,,
C,T1c1,,Echinocereus ,fendleri ,,mar'21,4,84,2,38,,
C,T1c1,030-x3,Melocactus ,,,nov'21,3,300,1,2,,
C,T1c1,003-1,Raro no se ve q sea Mammillaria y hay mix con melocactus ,,,nov'21,2,100,1,2,,
C,T1c1,008-6,,,globos no defino q es,nov'21,1,100,1,1,,
C,T1c1,,Chamaecereus ,,,,5,200,1,2,,
C,T1c1,,Ephytelantha ,micromeris,,nov'21,2,100,1,2,o injertar,
S,T1c1,,Echeverias,,,dic'21,2,10,1,311,,
C,T1c1,,Gymnanthocereus ,pelleifer,,nov'20,1,150,1,2,,
C,T1c1,,Haageocereus ,,,mar'21,8,252,2,38,,
C,T1c1,,Haageocereus ,,,mar'21,4,84,2,311,,
C,T1c1,,Trichocereus ,candicans,,mar'21,13,252,2,38,,
S,T1c1,,Haworthia ,limifolia,,ene'22,2,60,2,35,dejarla para R8,
C,T1c1,,anacampseros ,mini,,ene'22,2,200,1,2,,
C,T1c1,001-x16,Lobivia,pygmaea?,,nov'21 ,1,1000,1,2,,
C,T1c1,005-3,Astrophytum ,,,nov'21,11,1000,1,2,,
C,T1c1,043-x6,Frailea,,peque침a . floreciendo ,nov'21,1,300,1,1,,
C,T1c1,,Tephrocactus ,geom칠tricus,,nov'21,1,100,1,1,o injertar,
C,T1c1,,Echinocereus ,pectinatus ,,mar'21,4,84,2,35,,
C,T1c1,013-x12,neoporteria ,parece islayensis ,,nov'21,1,1000,1,2,,
C,T1c1,001-x10,Lobivia ,parece ferox,,nov'21,1,1000,1,2,,
C,T1c1,013-58,Copiapoa o Eriosyce ,,,nov'21,1,1000,1,2,urge repique ,
C,T1c1,003-52,Mammillaria ,Columbiana,,mar'21,8,84,2,35,,
C,T1c1,003-52,Mammillaria ,Columbiana,,mar'21,5,252,2,1,,
C,T1c1,003-90,Mammillaria ,hahniana ,,mar'21,5,252,2,1,,
C,T1c1,003-90,Mammillaria ,hahniana ,,mar'21,3,84,2,1,,
C,T1c1,,Cleistocactus ,hyalacanthus ,,dic'21,8,126,2,35,,
S,T1c2,,Mix,,,jul'23,114,180,2,1,,
C,T2c2,026-6,Cereus ,espiralados,,nov'21,100,1000,1,2,urge repique ,
C,T2c2,003-49,Mammillaria ,wildi,,dic'21,10,1000,1,2,,
C,T2c2,003-x9,Mammillaria ,rhodantha ,,dic'21,10,1000,1,2,,
C,T2c2,005-1,Astrophytum ,asterias,,nov'21,20,500,1,2,,
C,T2c2,013-7,,hay floccosa en el mix,,nov'21,5,100,1,1,,
C,T2c2,013-22,,,,nov'21,3,100,1,2,,
C,T2c2,002-2,Notocactus ,buiningii ,,nov'21,2,300,1,2,,
C,T2c2,032-1,,,,nov'21,1,50,1,1,,
C,T2c2,053-1,Monvillea,Spegazzinii ,,dic'21,1.8,1000,1,2,,
C,T2c2,013-39,,,,nov'21,1,200,1,2,,
C,T2c2,002-15,Notocactus ,claviceps?,,dic'21,5,1000,1,2,urge repique ,
C,T2c2,002-9,Notocactus ,,,dic'21,5,1000,1,2,urge repique ,
C,T2c2,013-x19,copiapoa o eriosyce ,,,nov'21,5,1000,1,2,,
C,T2c2,013-10,copiapoa o eriosyce ,,,nov'21,2,1000,1,2,,
C,T2c2,013-x23,copiapoa o eriosyce ,,,nov'21,4,1000,1,2,,
C,T2c2,013-x14,copiapoa o eriosyce ,,,nov'21,2,1000,1,2,,
C,T2c2,013-x2,copiapoa o eriosyce ,,,nov'21,2,300,1,2,,
C,T2c2,002-8 y 002-9,Notocactus ,,,dic'21,7,500,1,2,,
C,T2c2,002-3 y 002-4,Notocactus ,haselbergii ,,dic'21,12,1000,1,2,,
C,T2c2,002-x4,Notocactus ,tipo muegelianus ,,dic'21,1,1000,1,2,,
C,T2c2,033-1,Oroya,borcherdsii ,,nov'20,1,50,1,1,,
C,T2c2,,Eriosyce ,napina,,mar'21,4,500,1,2,,
C,T2c2,,Parodia,microsperma ,floreciendo ,mar'21,1,1000,1,2,,
C,T2c2,043-1,Frailea?,,,nov'21,4,1000,1,2,,
C,T2c2,,Pilosocereus ,pentaedrophorus ,,nov'21,3,252,2,35,plantar x 3pl,
C,T2c2,,Mammillaria ,muehlenpfordtii ,,nov'21,1.5,84,2,1,,
C,T2c2,,Matucana ,aurantiaca ,,nov'21,2,84,2,35,,168
